qsmk,wt82_71,sex,race,age,education,income,smokeintensity,smokeyrs,exercise,active,wt71,alcoholfreq,smkintensity82_71,price82,death
0,-10.093959760000004,0,1,42,1,19.0,30,29,2,0,79.04,1,-10,1.739990234375,0
0,2.604969949999997,0,0,36,2,18.0,20,24,0,0,58.63,0,-10,1.79736328125,0
0,9.414486019999998,1,1,56,2,15.0,20,26,2,0,56.81,3,-14,1.513427734375,0
0,4.9901165400000025,0,1,68,1,15.0,3,53,2,1,59.42,2,4,1.451904296875,1
0,4.989251109999998,0,0,40,2,18.0,20,19,1,1,87.09,2,0,1.79736328125,0
0,4.419060360000003,1,1,43,2,11.0,10,21,1,1,99.0,3,10,2.02587890625,0
0,-4.082991899999996,1,0,56,3,19.0,20,39,1,0,63.05,1,0,,0
0,0.227008099999999,1,0,29,3,22.0,2,9,2,0,58.74,0,1,,0
0,-2.717845309999994,0,0,51,2,18.0,25,37,2,2,64.86,1,-10,1.79736328125,1
0,9.86118683,0,0,43,2,16.0,20,25,2,1,62.26,0,-20,1.79736328125,1
1,15.872257120000008,0,0,43,3,19.0,30,24,1,1,63.96,3,-30,1.79736328125,0
0,-1.81900392,0,0,34,3,18.0,40,20,2,0,85.28,0,-10,1.79736328125,1
0,0.562154690000007,1,0,54,1,16.0,20,19,2,1,61.58,0,-5,,0
0,0.1101306500000163,1,1,51,3,,10,38,1,1,111.02,4,0,1.79736328125,0
1,-18.94095375,1,0,71,1,17.0,40,41,1,1,75.64,4,-40,,1
0,5.329632610000004,1,0,47,3,20.0,10,24,0,0,64.07,3,0,1.79736328125,0
0,0.4507029000000102,0,0,56,3,19.0,20,44,2,0,76.66,2,0,1.803955078125,0
1,8.276817350000002,1,0,48,3,18.0,2,30,1,1,62.03,1,-2,1.828125,0
0,6.806919780000001,0,0,47,3,19.0,20,27,0,0,81.19,0,0,1.828125,1
0,3.859632609999992,1,0,47,2,18.0,12,31,1,1,65.54,2,-2,1.828125,0
0,0.9091486800000012,0,0,25,3,18.0,20,7,0,0,73.48,0,-5,1.828125,0
0,-13.94473687,1,0,38,3,18.0,20,18,0,0,81.53,0,0,1.69384765625,0
1,9.980409719999995,1,1,56,3,20.0,20,11,2,0,60.78,3,-20,,0
0,6.240702900000002,0,0,28,5,19.0,30,8,0,0,70.87,0,-10,,0
0,-1.6986224199999924,0,0,60,4,19.0,40,39,0,0,62.48,1,0,,0
0,-5.441321139999985,1,0,27,2,14.0,40,10,2,2,131.54,1,-20,1.79736328125,0
1,10.42983747000001,0,0,47,5,22.0,30,23,0,0,94.35,3,-30,1.79736328125,0
0,-8.164546119999997,0,0,53,1,18.0,20,38,1,0,64.41,0,0,1.79736328125,1
0,13.154295270000006,0,0,33,2,16.0,30,16,2,0,64.41,0,-10,1.79736328125,0
0,0.7927410500000036,0,0,41,4,21.0,60,21,1,1,74.05,2,0,1.79736328125,0
0,-1.1356023000000022,0,0,52,3,20.0,30,35,1,2,96.39,0,-27,1.79736328125,1
1,-5.666481840000003,0,0,57,3,,7,35,2,2,81.87,2,-7,1.665283203125,1
0,8.618664749999994,0,0,35,3,21.0,30,16,1,0,70.76,0,-10,1.79736328125,0
0,6.2401165400000025,1,0,41,5,18.0,1,21,0,1,58.17,2,2,1.828125,0
1,-4.531921609999984,1,0,72,2,12.0,20,40,2,1,71.21,1,-20,1.951171875,1
0,-6.690074209999992,0,0,33,5,18.0,20,14,1,1,82.44,3,0,1.951171875,0
0,4.540893650000008,1,0,34,3,20.0,20,15,0,0,61.23,2,10,1.951171875,0
1,20.180116540000007,1,0,35,3,20.0,15,22,2,1,44.23,3,-15,1.8984375,0
0,2.950600470000005,1,0,28,5,20.0,30,10,1,1,56.47,2,10,1.951171875,0
0,8.508664749999994,0,0,26,5,19.0,35,10,0,2,70.87,0,-5,2.10302734375,0
0,-0.2249276200000025,0,0,64,3,18.0,17,44,0,1,79.15,2,-2,1.951171875,0
0,-0.7982268100000027,0,0,35,2,18.0,30,21,0,0,85.62,1,10,1.951171875,0
1,0.3361285600000059,1,0,63,3,18.0,20,43,1,1,39.58,4,-20,1.951171875,1
0,2.384486019999997,1,0,45,3,18.0,3,26,2,0,63.84,3,2,1.951171875,0
0,0.4488554999999934,1,0,69,1,15.0,20,29,2,1,67.59,3,0,1.951171875,1
0,4.878664749999999,0,0,33,5,20.0,20,12,0,1,74.5,0,0,1.81494140625,0
0,13.042257120000002,0,0,45,3,20.0,40,28,2,0,66.79,0,-20,1.951171875,0
0,1.9324478700000045,1,1,37,2,22.0,3,9,2,0,66.56,3,2,1.951171875,0
1,14.176156780000014,0,1,49,2,18.0,2,32,2,1,119.18,0,-2,1.72900390625,1
0,1.0207029000000034,0,1,51,3,20.0,10,23,2,0,76.09,1,-6,1.739990234375,0
0,6.121377580000008,1,0,28,2,19.0,20,12,0,1,54.66,3,-5,1.92919921875,0
0,-0.451144499999998,1,1,36,3,13.0,20,14,1,0,68.49,1,0,1.81494140625,0
0,12.474588450000011,0,1,45,3,20.0,15,28,2,0,71.44,0,0,1.739990234375,1
0,1.365160700000004,1,1,47,2,19.0,8,26,2,1,48.53,2,-2,1.856689453125,0
0,-9.075323229999997,1,1,57,2,18.0,20,20,1,0,63.96,2,-19,1.775390625,0
0,-6.808329239999992,1,1,57,2,,15,39,2,0,73.94,0,-6,1.739990234375,0
0,-0.3432850800000011,1,0,35,1,18.0,10,24,2,0,52.96,4,0,1.513427734375,0
1,1.814881630000002,0,0,50,2,20.0,30,34,0,0,88.45,2,-30,1.92919921875,0
0,9.067008100000002,1,0,56,1,19.0,40,34,1,0,49.9,0,0,1.92919921875,1
0,2.2630342300000024,1,1,55,1,,10,26,2,0,78.93,1,5,1.513427734375,0
0,-5.43872485,1,0,64,4,19.0,10,38,1,1,48.53,0,2,1.69384765625,1
0,37.65051215000001,1,1,25,3,18.0,30,7,2,0,50.8,0,0,1.665283203125,0
0,15.532843480000013,1,1,32,2,15.0,10,14,2,0,77.0,2,0,1.451904296875,1
1,5.559148680000007,0,1,34,2,18.0,20,13,1,1,68.83,0,-20,1.735595703125,0
0,3.400409719999999,0,0,36,1,18.0,40,21,1,0,67.36,1,10,,1
1,-0.6814235699999927,0,0,34,5,19.0,30,26,0,2,109.09,0,-30,2.02587890625,0
0,-4.993373399999996,1,1,40,1,,30,15,2,1,86.64,2,-16,,0
0,1.1351607000000072,1,0,47,2,,30,24,2,0,48.76,2,-10,1.79736328125,0
1,5.215747059999998,1,0,54,2,18.0,20,36,0,0,57.38,0,-20,1.951171875,0
0,0.4490462500000021,1,0,35,3,20.0,5,2,2,0,56.25,1,15,1.828125,0
0,23.02313666000001,1,0,48,3,16.0,20,23,2,0,75.86,4,0,1.951171875,0
0,4.990702900000002,0,0,33,1,13.0,20,21,0,0,72.12,0,0,1.951171875,0
0,-4.310469820000002,0,0,67,2,18.0,20,55,1,2,56.02,0,-19,1.951171875,0
0,2.38545388,1,0,32,3,18.0,3,12,2,1,53.86,3,4,1.951171875,0
0,3.741084400000005,1,0,37,3,21.0,20,20,1,1,50.69,0,0,1.951171875,0
0,-0.2303673899999978,0,0,65,3,16.0,5,47,1,1,69.63,0,0,1.951171875,1
0,9.864779200000008,1,1,51,2,18.0,6,16,1,0,62.71,3,9,1.803955078125,0
0,5.212550300000004,0,1,33,4,18.0,10,17,0,0,80.97,2,0,1.72900390625,0
0,6.3519639400000045,0,1,34,3,18.0,20,18,1,0,67.13,4,-12,1.81494140625,0
0,-21.09221479,1,0,53,2,17.0,6,24,2,1,81.42,3,-1,1.81494140625,0
0,6.574397699999992,0,0,56,2,20.0,20,49,1,0,88.68,4,10,1.81494140625,0
0,-5.66755212999999,1,0,37,3,19.0,20,16,2,1,74.16,4,0,1.81494140625,0
1,0.7948816300000061,1,1,45,2,18.0,5,30,1,0,89.47,0,-5,,0
0,-7.480367389999998,0,1,55,2,18.0,20,39,1,0,76.88,1,20,1.990966796875,0
0,-12.019678599999992,0,1,59,2,19.0,40,40,1,1,111.81,0,0,1.79736328125,0
0,1.0170080999999982,1,0,36,3,20.0,30,17,1,1,57.95,2,0,1.81494140625,0
0,3.856333420000013,1,0,35,3,20.0,12,17,1,2,71.44,3,18,1.81494140625,0
0,-1.9276545599999932,1,0,39,3,19.0,20,20,1,0,52.73,3,0,,0
1,15.653034230000005,1,0,30,3,18.0,13,9,1,1,65.54,3,-13,1.81494140625,0
0,7.032931800000007,1,1,32,2,13.0,10,16,1,0,56.47,3,-7,1.81494140625,0
0,0.2234157300000063,1,1,45,3,12.0,8,26,0,1,58.29,2,2,1.92919921875,1
0,-7.479399530000002,1,0,55,2,11.0,25,40,2,2,66.9,2,-5,1.81494140625,0
1,-3.511042069999988,0,1,49,1,11.0,10,34,1,1,89.24,3,-10,1.5927734375,1
0,14.738576430000007,0,1,30,2,18.0,20,14,0,0,93.67,2,20,1.81494140625,0
0,-1.3591063499999905,0,0,51,3,19.0,20,33,1,1,67.13,4,-16,1.81494140625,0
0,-3.0651324799999955,1,0,49,2,17.0,12,32,2,0,46.61,3,8,1.940185546875,1
1,10.08778521,1,0,54,1,18.0,10,34,1,0,50.24,4,-10,1.92919921875,0
0,-6.69473687,0,0,52,1,16.0,6,36,0,0,74.28,3,4,2.02392578125,0
1,1.0168173499999966,0,0,43,4,19.0,1,27,1,0,69.29,0,-1,1.92919921875,0
1,1.9297350400000115,0,0,35,3,19.0,20,17,0,0,85.16,0,-20,1.92919921875,0
1,12.591200940000007,0,0,27,4,19.0,40,14,1,1,106.25,2,-40,1.92919921875,0
0,6.694192840000007,1,0,29,3,19.0,30,14,0,1,53.18,2,-10,1.92919921875,0
0,-1.8115401100000028,1,1,42,1,12.0,20,25,0,0,45.81,1,-5,1.92919921875,0
0,5.105453879999999,1,0,39,3,19.0,40,22,0,0,51.14,0,0,1.92919921875,0
1,9.29662660000001,0,0,50,2,,20,36,2,0,72.35,2,-20,1.92919921875,0
0,3.7434157300000015,1,0,54,1,18.0,7,31,2,0,54.77,2,-3,1.92919921875,0
1,0.6811868300000015,0,0,65,2,20.0,20,30,0,0,71.44,2,-20,1.92919921875,1
0,10.316626600000006,0,0,27,1,17.0,2,6,2,0,71.33,3,1,,0
0,4.080702900000006,0,0,46,3,19.0,20,40,2,0,73.03,4,0,1.828125,0
0,11.683136660000002,1,0,32,2,20.0,20,16,1,0,87.2,2,0,1.828125,0
1,-3.5149276199999946,1,1,43,1,18.0,1,8,2,1,82.44,2,-1,1.735595703125,0
1,-5.778329239999991,1,1,49,1,20.0,20,25,2,0,72.91,0,-20,1.513427734375,0
1,-3.746393519999998,1,0,70,1,19.0,10,52,2,1,50.92,3,-10,,1
0,6.012931800000004,0,0,54,1,15.0,20,45,2,1,57.49,0,0,1.92919921875,1
1,-7.259208780000002,1,0,58,5,21.0,10,42,2,0,55.34,3,-10,1.79736328125,1
0,4.764295270000005,0,0,32,2,18.0,30,16,0,0,72.8,1,0,1.92919921875,0
0,-9.752991899999998,1,0,50,2,18.0,20,33,0,0,68.72,3,10,1.665283203125,0
0,4.644676770000004,1,0,37,3,19.0,30,22,1,1,50.24,3,10,1.665283203125,0
1,-5.551628429999994,0,0,26,3,18.0,20,7,0,0,78.58,1,-20,1.665283203125,0
0,3.404676770000009,1,0,25,3,20.0,10,3,1,0,51.48,2,-5,1.451904296875,0
1,7.7068173500000015,0,0,45,5,22.0,1,28,2,1,62.6,2,-1,1.81494140625,0
0,0.6819639400000028,0,0,40,3,19.0,25,23,0,2,72.8,2,-10,1.92919921875,0
1,2.384779200000011,0,0,38,1,19.0,30,18,0,0,70.19,4,-30,1.451904296875,0
0,1.7054538800000003,1,0,43,1,15.0,10,20,2,0,54.54,4,10,1.451904296875,0
1,6.232931800000003,1,0,56,3,16.0,10,31,1,0,57.27,3,-10,1.5927734375,0
1,9.408180820000013,0,0,58,1,16.0,40,38,2,1,74.96,4,-40,1.451904296875,0
0,2.3829318000000086,1,0,25,2,18.0,4,10,1,1,61.12,2,1,1.451904296875,0
0,-7.366100339999996,1,0,46,2,14.0,10,42,1,1,60.89,4,-4,1.5927734375,0
1,12.591098510000007,0,0,45,5,19.0,30,14,1,1,88.56,4,-30,1.513427734375,0
0,3.4029318000000046,1,0,42,4,16.0,5,23,2,1,60.1,0,5,1.86767578125,0
0,-6.801628429999994,0,0,30,3,16.0,2,15,1,0,79.83,2,-2,1.86767578125,0
0,-2.7196785999999946,0,0,54,3,19.0,40,42,0,0,102.51,1,0,1.6455078125,0
0,10.436040240000004,0,0,29,3,17.0,20,16,2,2,58.51,1,0,1.85009765625,0
0,2.039251109999995,0,1,45,3,19.0,5,25,2,0,90.04,1,-5,1.85009765625,0
0,-8.392405539999999,0,1,47,3,18.0,10,33,2,0,80.06,0,10,1.775390625,0
0,-6.805015940000004,0,0,28,1,22.0,15,12,1,0,114.76,2,5,1.79736328125,0
0,13.154588450000006,1,0,30,3,19.0,20,14,0,0,70.76,3,25,1.92919921875,0
0,6.8027410499999945,0,0,35,3,20.0,20,17,0,2,68.04,2,0,1.612548828125,0
0,2.6078876400000013,0,0,43,5,19.0,30,22,0,0,75.41,0,-20,1.86767578125,0
1,18.02731539,1,0,48,3,,30,14,2,0,94.01,2,-30,1.86767578125,0
0,3.283708910000001,1,0,42,3,21.0,4,17,0,0,61.58,0,16,1.81494140625,0
1,-7.2565842699999905,1,0,54,5,19.0,10,32,1,0,65.77,0,-10,1.84130859375,0
0,1.0238113400000088,1,1,61,1,14.0,15,39,2,1,81.53,4,-10,1.775390625,1
0,6.580893650000007,0,1,36,1,17.0,20,18,2,0,59.19,0,-12,1.735595703125,0
0,-6.688710739999991,0,1,34,5,20.0,13,16,2,1,96.5,2,5,1.451904296875,1
1,-5.781144499999996,1,1,70,1,12.0,2,43,2,0,73.82,4,-2,1.735595703125,1
1,3.0613775800000056,1,0,53,1,18.0,5,37,2,1,57.72,4,-5,1.856689453125,0
1,18.485072380000005,0,0,53,2,18.0,28,36,2,0,60.44,4,-28,1.735595703125,0
0,2.9524478700000003,1,0,62,2,18.0,20,37,2,1,65.54,0,-10,2.02587890625,0
0,-1.4750300500000009,0,0,67,1,13.0,20,57,2,0,62.71,3,-10,1.777587890625,1
1,0.3375944600000053,1,0,60,5,17.0,2,35,0,0,71.33,3,-2,1.990966796875,1
1,-9.867933629999996,0,0,29,3,21.0,40,9,1,0,101.04,2,-40,1.735595703125,0
0,11.341773189999998,1,0,50,3,18.0,15,31,2,1,73.48,3,5,1.92919921875,0
0,5.448078390000013,0,0,27,2,12.0,15,10,0,0,61.23,2,-5,,0
1,-2.9509537499999965,1,1,34,2,13.0,2,16,2,1,59.65,1,-2,1.990966796875,0
1,7.481289260000011,0,0,33,4,19.0,20,14,0,1,82.33,2,-20,1.828125,0
1,0.227008099999999,1,0,59,3,,10,43,1,1,58.74,1,-10,2.02587890625,0
0,-4.76706819999999,1,0,34,3,,20,17,2,1,68.27,2,0,2.0478515625,0
0,-22.33824092,1,0,61,3,18.0,10,31,1,2,60.44,0,-9,1.828125,1
1,14.85759446,1,1,43,2,18.0,25,32,2,0,56.81,4,-25,1.856689453125,1
1,0.2250723800000003,0,0,38,5,22.0,60,22,2,1,78.7,2,-60,1.951171875,0
0,1.3646767700000026,1,0,40,3,19.0,40,21,2,0,53.52,3,-20,1.85009765625,0
1,8.16061458,1,0,55,3,18.0,20,38,2,0,97.98,2,-20,1.79736328125,0
0,-1.1361003399999916,1,0,34,1,,20,19,2,1,54.66,1,-16,1.612548828125,0
0,5.557594460000004,0,0,56,5,20.0,3,36,0,1,66.11,0,0,1.86767578125,1
1,7.829148680000003,1,0,54,3,19.0,5,8,0,0,66.56,1,-5,1.847900390625,1
1,-3.745807159999991,0,0,59,2,18.0,50,46,0,0,63.62,4,-50,,1
0,4.992550300000005,0,0,52,3,19.0,20,36,1,0,81.19,4,0,1.79736328125,0
0,3.744969949999998,1,0,25,3,18.0,25,10,0,0,57.49,2,10,1.86767578125,0
1,6.348078390000012,1,0,65,4,,1,35,2,0,60.33,1,-1,1.777587890625,1
0,2.830116540000006,1,0,63,5,,10,45,2,2,61.58,0,10,1.79736328125,1
0,6.23914868,1,0,25,2,11.0,3,6,2,0,68.15,1,3,1.85009765625,0
0,8.960996080000001,0,0,29,1,18.0,20,19,2,1,74.5,1,40,,0
0,-5.896775019999993,1,0,52,1,12.0,3,37,2,1,75.75,4,2,1.85009765625,0
0,3.3978876399999933,1,1,44,3,13.0,20,21,2,0,74.62,2,-10,1.85009765625,0
1,0.0016707600000103,0,0,30,4,19.0,1,6,2,0,67.13,2,-1,1.85009765625,0
0,-10.088724849999998,0,0,71,1,14.0,4,53,0,0,53.18,0,-2,,1
1,2.9441045200000104,1,0,63,1,14.0,2,23,0,1,85.96,3,-2,,0
0,-3.5131826499999903,0,0,54,1,15.0,3,34,0,0,73.82,0,7,,1
0,-10.42978103,0,0,61,1,15.0,20,51,2,1,92.53,4,0,1.85009765625,1
1,10.550805330000005,0,0,32,3,17.0,10,14,0,0,84.25,2,-10,1.85009765625,0
0,-1.0192970999999886,0,0,58,1,18.0,10,41,2,0,78.13,2,0,1.85009765625,0
0,1.1309960800000027,0,0,42,2,18.0,20,25,2,0,82.33,2,20,1.85009765625,0
0,2.151377580000002,1,0,30,3,18.0,15,11,2,1,58.63,2,5,1.85009765625,0
0,2.2666266000000093,0,0,54,1,17.0,10,42,2,1,79.38,2,-5,1.85009765625,0
1,6.465453879999998,1,0,56,3,18.0,20,31,2,0,49.78,0,-20,1.85009765625,0
0,11.569251109999996,1,1,30,2,13.0,15,11,2,1,80.51,2,0,1.85009765625,0
1,-21.432991900000005,1,0,62,1,15.0,10,12,2,1,80.4,3,-10,1.85009765625,1
0,-0.0038573300000024,0,0,47,1,,20,29,2,0,86.64,0,-10,1.85009765625,0
0,-0.3411444999999986,0,1,56,1,11.0,20,39,2,2,68.38,4,0,1.856689453125,0
0,-4.879003920000002,1,1,35,2,15.0,20,15,1,0,88.34,0,0,1.990966796875,0
0,-0.9029918999999964,0,1,56,1,12.0,20,26,0,0,59.87,4,10,1.856689453125,1
0,-29.025793050000004,0,0,53,1,11.0,20,38,1,0,135.62,4,-12,1.856689453125,1
0,34.01779932000001,1,1,32,1,11.0,20,14,2,1,73.03,0,-2,1.856689453125,1
0,-4.536775019999993,0,1,54,1,12.0,15,33,1,1,74.39,3,-7,1.856689453125,0
0,-6.689985889999996,1,1,55,1,11.0,10,32,2,0,53.41,3,-5,1.856689453125,0
0,-9.86124693,1,0,69,2,12.0,16,49,0,1,60.21,4,4,1.735595703125,0
0,9.864588450000014,0,0,36,2,12.0,35,16,1,1,74.05,2,-5,1.856689453125,0
0,4.313899660000004,0,0,51,1,19.0,20,37,0,0,49.21,0,-10,1.856689453125,0
0,-1.244048079999999,0,1,49,1,18.0,20,33,2,1,99.22,2,-13,1.856689453125,0
1,1.0186647499999992,0,1,58,1,11.0,10,40,2,1,78.36,3,-10,1.856689453125,1
0,33.68206637000001,1,0,39,1,15.0,40,3,2,0,57.49,2,0,1.856689453125,0
0,-3.630748889999993,0,0,55,3,19.0,15,34,0,0,95.71,4,5,1.856689453125,0
1,-3.293373399999993,0,0,49,3,13.0,30,27,2,1,84.94,3,-30,1.856689453125,0
0,2.38574706,1,0,25,3,14.0,30,7,2,0,60.21,3,10,1.856689453125,0
1,12.925072380000003,0,1,45,2,17.0,10,27,2,0,66.0,2,-10,1.856689453125,0
0,-2.608622419999996,0,0,50,1,17.0,20,35,0,1,63.39,2,-15,1.735595703125,0
0,-24.269003920000003,1,1,38,5,13.0,12,20,2,1,107.73,4,0,1.856689453125,1
1,0.566817350000008,1,0,34,3,18.0,1,17,0,1,69.74,2,-1,1.86767578125,0
0,5.098855499999999,0,0,32,3,20.0,20,15,1,0,62.94,2,-13,1.81494140625,0
1,4.761391690000011,0,0,32,4,18.0,30,14,2,1,102.74,0,-30,1.86767578125,0
0,3.4069197799999955,0,0,59,3,21.0,25,40,1,1,84.59,1,-10,2.10302734375,1
0,-14.28988346,0,0,68,1,14.0,17,54,1,1,78.7,1,-6,1.777587890625,1
0,6.805072379999999,0,0,47,3,19.0,35,28,2,2,72.12,0,-15,1.86767578125,0
0,-2.1512469299999992,1,0,35,1,12.0,20,22,1,0,52.5,2,0,1.775390625,0
0,-2.4905581400000045,0,1,57,1,13.0,10,43,1,1,83.23,4,10,1.775390625,1
0,7.254969950000003,0,0,54,1,14.0,20,39,2,0,53.98,2,-10,1.775390625,1
0,-5.438138489999993,1,0,46,2,13.0,30,26,2,0,61.23,3,-15,1.775390625,1
1,3.061861510000007,1,0,26,3,18.0,10,5,1,0,52.73,2,-10,1.775390625,0
0,13.720805330000005,0,0,39,1,18.0,40,24,1,0,81.08,2,-10,1.775390625,1
0,1.2463334200000131,0,0,61,1,19.0,25,46,2,0,74.05,2,-5,1.775390625,1
0,-5.558431669999997,0,0,49,1,15.0,30,32,0,0,55.0,2,-10,1.775390625,1
1,-4.986672589999998,0,0,54,3,18.0,30,9,2,2,92.53,2,-30,1.775390625,1
1,1.3586647500000026,0,0,41,5,19.0,15,24,2,0,78.02,2,-15,1.775390625,0
0,-3.401437680000001,1,0,44,3,16.0,4,19,2,1,65.09,3,-2,1.775390625,1
0,-7.14522079999999,0,0,60,1,17.0,20,39,0,0,79.72,3,0,1.775390625,0
0,-1.931144500000002,1,0,49,3,16.0,15,24,2,0,69.97,3,5,1.775390625,0
0,6.353327410000006,0,0,44,1,15.0,20,26,0,0,81.19,0,0,1.775390625,0
0,0.5623454400000014,1,1,38,2,12.0,4,18,0,0,50.24,2,1,1.5927734375,0
0,-3.630953749999996,0,1,61,1,14.0,4,42,2,0,60.33,3,14,1.5927734375,1
0,5.1019639400000045,1,0,60,3,15.0,12,20,1,0,68.38,4,-5,1.735595703125,0
0,-3.064839299999996,1,0,34,3,19.0,20,21,1,0,52.96,2,10,1.777587890625,0
0,13.949148680000008,1,0,41,2,18.0,20,17,1,2,60.44,3,0,1.5927734375,0
0,-3.0605581399999977,0,1,60,1,17.0,20,26,2,0,83.8,4,-10,1.5927734375,1
1,8.84322498000001,1,1,40,5,18.0,3,18,1,0,61.01,3,-3,1.5927734375,0
1,8.280409720000002,1,0,38,3,22.0,20,18,2,1,62.48,2,-20,1.5927734375,0
0,4.98526313,0,1,49,1,12.0,20,33,2,1,62.6,4,-10,1.5927734375,0
0,13.497990070000014,0,1,46,1,18.0,20,26,2,0,82.21,2,-5,1.5927734375,0
0,-9.414252940000004,0,0,48,1,18.0,40,42,0,1,72.01,4,0,1.5927734375,1
0,1.2438113400000077,0,0,32,3,19.0,20,14,2,1,81.31,4,10,1.5927734375,0
1,10.434295270000009,0,1,48,1,16.0,10,30,2,0,67.13,2,-10,1.5927734375,0
1,4.422154690000006,0,0,49,3,19.0,10,35,1,1,57.72,0,-10,1.86767578125,0
0,-9.301246929999998,1,0,60,3,18.0,20,42,2,0,59.65,4,10,,0
0,10.433034230000004,1,0,59,2,13.0,20,38,1,1,70.76,3,0,,0
0,-2.156481839999998,0,1,62,1,12.0,20,50,2,1,78.36,2,20,1.775390625,1
0,1.5826386200000044,1,0,51,3,19.0,20,18,1,0,55.57,0,5,1.7333984375,0
1,47.51130337000002,0,0,42,3,16.0,40,22,1,1,89.02,0,-40,1.69384765625,0
0,7.482741050000001,0,0,38,2,21.0,30,25,2,1,67.36,0,0,1.803955078125,0
0,-6.237068199999989,1,0,62,4,19.0,20,12,1,1,69.74,2,5,1.451904296875,1
1,4.086230989999997,1,0,56,3,19.0,13,40,1,1,53.52,0,-13,1.86767578125,1
1,-1.3610420699999963,0,0,50,5,19.0,10,32,2,2,87.09,0,-10,1.86767578125,1
0,-4.650953749999999,1,0,44,4,19.0,30,26,1,1,61.35,0,-10,1.828125,0
0,4.079046250000005,0,1,38,2,11.0,20,20,2,1,52.62,1,-3,,0
1,-0.4486966299999722,0,0,39,3,,40,21,1,1,136.98,1,-40,1.86767578125,0
0,3.4035181600000044,0,0,25,3,21.0,18,8,1,0,72.8,3,5,,0
0,-4.421540110000002,1,0,26,3,21.0,20,10,2,1,48.42,3,0,1.86767578125,0
1,-1.6990039199999956,0,0,65,3,,30,35,1,0,85.16,1,-30,1.86767578125,1
1,-14.51503005,0,0,58,3,19.0,25,40,1,0,75.75,4,-25,1.86767578125,1
0,8.395263130000004,1,0,44,1,,20,26,2,0,59.19,4,-5,1.72900390625,0
0,-16.667156519999992,0,1,46,2,14.0,20,28,2,1,109.2,1,-2,1.72900390625,0
0,-8.50522079999999,0,0,44,2,18.0,40,28,2,1,81.08,2,-10,1.72900390625,0
1,-3.179883459999999,0,0,57,1,18.0,20,45,1,1,67.59,3,-20,1.72900390625,0
0,0.9088555000000014,0,0,51,1,18.0,20,41,1,1,67.13,2,0,1.72900390625,0
0,7.480893650000006,0,0,29,3,18.0,30,15,1,0,58.29,3,0,1.5927734375,0
0,-15.192303109999996,0,1,53,1,12.0,3,37,2,1,104.55,2,-1,1.72900390625,1
1,-3.745220799999984,0,0,58,1,11.0,25,50,2,1,76.32,2,-25,1.72900390625,1
1,-13.381335250000006,0,0,65,1,12.0,10,58,1,0,92.76,3,-10,1.72900390625,0
1,26.30517481,1,0,53,2,15.0,30,30,2,0,70.31,3,-30,1.72900390625,0
0,5.901377580000002,0,0,30,2,19.0,10,14,2,0,54.88,2,0,1.72900390625,0
0,-0.451144499999998,0,0,41,5,22.0,45,24,2,1,68.49,0,-20,1.828125,0
0,0.5647792000000038,1,1,47,1,12.0,2,30,2,1,72.01,4,8,1.451904296875,0
0,12.35906036,1,1,35,3,17.0,20,18,2,1,91.06,2,10,1.5927734375,0
0,1.35681735,0,1,56,3,,20,38,1,0,68.95,1,-10,1.828125,0
0,-10.776877449999994,1,1,54,1,,2,24,2,2,62.94,4,-2,1.828125,1
0,7.143518159999999,0,1,58,3,20.0,40,40,1,1,69.06,2,-10,,0
1,16.666435850000013,1,1,57,1,13.0,3,39,2,1,76.32,3,-3,1.451904296875,1
0,2.2651607000000027,1,1,34,3,,20,18,1,1,47.63,3,0,1.828125,0
0,4.989530180000003,1,0,54,1,15.0,10,43,1,1,46.72,2,0,,0
1,4.083224980000011,0,0,54,1,19.0,2,33,2,1,65.77,4,-2,,0
1,1.9249699499999977,1,0,35,5,22.0,12,17,2,0,59.31,3,-12,1.828125,0
1,-6.353475830000001,0,0,64,2,18.0,30,56,2,1,70.31,0,-30,,1
0,-6.5785199899999895,0,0,55,2,18.0,10,41,1,1,85.05,3,0,,1
0,3.8535181600000072,0,0,45,2,18.0,40,27,2,0,72.35,2,0,1.828125,0
0,-5.2172589500000015,0,0,53,3,21.0,8,32,1,0,80.06,2,7,1.69384765625,0
0,-0.905220799999995,0,0,64,3,16.0,16,47,1,1,73.48,3,-6,1.777587890625,1
1,22.45527724000001,1,0,28,4,18.0,4,10,2,0,91.85,2,-4,1.5927734375,0
0,3.5127410500000025,0,0,64,3,13.0,15,38,2,0,71.33,3,-10,2.0478515625,1
0,-0.7965842699999968,1,0,33,3,18.0,10,13,0,1,59.31,2,0,2.0478515625,0
0,6.119251110000008,1,0,39,3,19.0,20,23,0,0,85.96,1,0,1.6982421875,1
1,7.827403709999999,1,0,52,2,20.0,10,17,2,1,75.18,2,-10,1.713623046875,0
0,7.255849490000003,0,0,44,3,19.0,35,28,1,0,73.03,0,5,2.0478515625,0
1,6.578283249999998,0,0,46,1,14.0,20,29,2,0,95.48,0,-20,2.0478515625,0
1,0.9108936500000056,1,0,69,5,19.0,40,43,0,1,64.86,0,-40,2.0478515625,0
1,2.0376827799999973,1,0,57,3,14.0,40,38,1,1,40.6,4,-40,2.0478515625,1
0,0.1091486800000041,0,0,47,4,20.0,20,30,1,1,74.28,0,20,1.665283203125,0
0,-5.787552129999995,0,0,25,3,18.0,30,13,2,1,74.28,1,-25,1.6455078125,0
1,19.506919780000004,0,0,44,1,18.0,20,26,2,0,68.49,2,-20,1.69384765625,0
0,11.116626600000004,1,0,46,3,15.0,10,33,2,1,70.53,3,10,1.6455078125,0
0,4.994383590000005,1,0,25,3,18.0,10,3,2,0,43.54,2,10,1.6455078125,0
0,10.99477920000001,1,0,37,2,14.0,40,23,2,2,61.58,2,15,1.6455078125,0
0,25.060805330000008,1,0,28,3,13.0,40,14,2,0,69.74,0,-10,1.6455078125,0
0,-3.0630943299999984,1,0,72,3,19.0,15,41,2,0,44.34,0,5,1.6455078125,1
0,2.6043976999999927,1,0,49,3,15.0,10,30,1,1,92.65,3,5,,0
0,6.920512150000008,0,0,26,3,20.0,5,10,0,1,81.53,1,-3,1.951171875,0
1,4.313811340000015,0,0,51,5,,20,21,2,0,78.24,3,-20,1.561767578125,1
0,4.532931800000007,1,0,34,3,19.0,20,17,2,1,58.97,3,0,1.647705078125,0
0,7.028283250000001,0,0,44,5,21.0,20,23,0,0,95.03,2,10,1.951171875,0
0,6.462638620000007,1,0,36,5,21.0,15,20,0,0,50.69,2,5,2.10302734375,0
1,0.2250723800000003,0,0,50,1,19.0,20,34,2,1,78.7,0,-20,1.773193359375,0
0,4.312257120000012,1,0,48,5,,25,27,2,2,75.52,3,-5,2.10302734375,0
0,2.383034230000007,0,0,54,1,20.0,40,39,0,0,78.81,0,-37,1.7333984375,0
0,3.065849490000005,0,0,32,3,19.0,30,13,2,1,77.22,0,10,2.0478515625,0
1,14.85477920000001,0,0,36,1,15.0,5,11,2,0,57.72,3,-5,,0
0,-14.287361379999991,1,0,41,3,19.0,12,19,0,0,71.44,2,8,1.6982421875,0
0,1.3573012800000086,1,0,55,1,12.0,20,40,1,0,63.96,4,0,2.0478515625,1
0,12.021480010000005,0,0,31,2,19.0,20,17,2,0,66.45,2,0,1.92041015625,0
0,-10.435220799999996,0,0,25,4,15.0,20,6,1,0,83.01,1,10,2.0478515625,0
0,-0.4520240399999977,1,0,33,4,15.0,40,15,0,1,49.44,2,0,2.0478515625,0
0,24.381200940000014,0,0,28,5,18.0,20,6,2,2,94.46,2,-5,2.0478515625,0
0,6.4644860200000025,1,0,35,3,,5,7,2,1,59.76,1,10,1.682861328125,0
0,-7.71347583,1,0,61,3,21.0,15,46,1,0,71.67,1,1,1.69384765625,0
1,7.600996080000002,0,0,49,4,,30,33,0,0,75.86,0,-30,1.665283203125,0
0,3.626435850000007,1,1,56,2,16.0,10,37,2,1,89.36,2,1,1.85009765625,0
0,8.502447870000005,1,1,67,1,15.0,3,36,2,1,59.99,2,3,1.739990234375,1
0,4.985365559999991,0,0,51,1,19.0,20,30,0,0,80.29,2,-2,1.6455078125,0
1,-5.78765456,1,0,62,3,19.0,6,32,0,1,56.59,1,-6,1.777587890625,1
0,2.384486019999997,1,0,57,2,19.0,40,15,2,0,63.84,3,-30,1.777587890625,0
1,14.290702900000008,1,1,25,4,18.0,6,4,1,1,62.82,2,-6,1.777587890625,0
0,0.9091486800000012,1,1,26,3,18.0,20,5,2,1,73.48,2,0,1.665283203125,0
0,8.390233080000002,1,1,34,3,16.0,20,18,1,1,120.43,3,20,1.775390625,0
0,5.447008099999998,1,0,46,3,20.0,15,11,2,0,53.52,3,-10,1.79736328125,0
1,4.758664749999994,0,0,57,1,18.0,20,42,2,0,74.62,4,-20,1.647705078125,0
1,2.950409719999996,1,0,54,3,19.0,2,34,1,1,67.81,3,-2,1.803955078125,1
1,5.669823360000002,1,0,25,5,20.0,2,4,0,0,52.39,2,-2,1.79736328125,0
0,-1.9290039199999995,0,0,56,1,20.0,40,38,2,1,85.39,3,-30,1.513427734375,1
0,7.374588450000004,0,0,39,2,13.0,40,21,1,1,76.54,0,-20,1.79736328125,0
0,4.646817350000006,1,0,36,3,18.0,20,21,1,1,65.66,2,0,1.647705078125,0
0,1.3570081000000016,1,0,43,5,21.0,10,25,0,1,57.61,2,2,,0
0,5.898664749999995,0,0,72,3,15.0,30,52,1,0,73.48,4,-10,1.803955078125,1
0,13.495556310000012,1,0,39,2,17.0,20,21,1,0,60.44,4,0,1.803955078125,0
0,11.23118683,1,0,26,2,18.0,3,11,0,0,60.89,3,7,1.803955078125,0
0,-3.397552129999994,1,0,27,2,16.0,20,11,0,0,71.89,1,0,1.803955078125,0
0,6.805072379999999,0,0,50,3,15.0,1,31,0,1,72.12,4,5,1.6455078125,0
1,1.130409720000003,0,0,60,5,19.0,12,35,2,1,69.63,3,-12,1.847900390625,0
1,20.294588450000013,1,0,50,1,14.0,12,20,2,0,63.62,2,-12,1.847900390625,0
1,6.3545884500000085,0,0,62,3,15.0,10,41,2,0,77.56,3,-10,1.847900390625,1
0,8.732359549999998,0,0,43,4,16.0,60,25,1,0,88.79,2,-20,1.847900390625,0
0,-7.373285080000002,1,0,33,2,19.0,30,17,2,0,59.99,3,10,1.847900390625,0
0,-2.378915599999999,1,0,25,5,19.0,10,7,1,1,56.81,2,10,1.92041015625,0
0,6.238371569999998,1,0,67,4,20.0,20,25,1,2,66.79,3,0,1.81494140625,1
1,-20.0752208,1,0,26,3,19.0,10,8,2,0,92.65,2,-10,1.847900390625,0
0,3.0571105300000028,0,0,25,3,17.0,20,7,0,0,73.6,1,0,1.847900390625,0
0,5.778664750000004,0,0,50,3,18.0,20,25,2,0,73.6,3,-16,1.84130859375,0
1,2.037403710000006,0,0,51,3,20.0,30,32,2,0,80.97,3,-30,1.847900390625,0
1,5.897008100000001,1,0,26,4,19.0,13,10,1,1,53.07,2,-13,1.8984375,0
1,1.3629318000000057,1,0,29,5,19.0,10,5,1,0,62.14,0,-10,1.647705078125,0
1,6.350409720000002,1,0,51,3,18.0,20,23,1,0,64.41,3,-20,1.828125,0
0,-3.0629919,1,0,44,3,19.0,10,24,1,0,62.03,2,0,1.460693359375,0
1,-4.653182649999991,1,1,61,1,17.0,6,32,2,0,74.96,2,-6,1.513427734375,0
1,6.348855499999999,0,1,54,3,19.0,10,37,1,1,61.69,2,-10,1.647705078125,0
0,1.3599257900000057,0,1,28,2,,45,13,1,1,74.39,0,-25,1.451904296875,1
0,-3.060367389999996,0,1,32,1,15.0,10,18,1,1,72.46,2,0,1.513427734375,1
0,1.819148680000012,0,0,45,5,21.0,20,27,0,1,72.57,1,0,1.81494140625,0
1,0.1127410499999967,0,0,50,1,19.0,30,34,2,2,74.73,0,-30,2.02392578125,1
0,-1.246379410000003,0,0,25,3,19.0,20,8,0,0,95.14,0,-5,1.777587890625,0
0,-0.797742879999987,0,0,59,3,22.0,10,47,2,0,80.63,0,10,1.84130859375,0
0,8.727301280000006,1,0,52,3,18.0,20,35,2,0,56.59,2,-16,1.79736328125,0
0,11.455849490000006,1,1,38,2,18.0,10,24,1,0,68.83,2,0,1.739990234375,0
0,0.3421688000000102,0,0,31,3,19.0,20,13,2,2,108.52,0,5,2.02392578125,0
0,0.1119639399999954,1,0,29,3,19.0,20,11,1,1,73.37,1,10,2.02392578125,0
1,-2.7231826499999983,0,0,58,1,19.0,20,40,0,0,73.03,2,-20,2.02392578125,1
0,-0.9090039200000036,0,0,59,4,20.0,40,41,1,1,84.37,0,-20,1.92041015625,0
0,-9.072889470000009,1,0,29,2,18.0,10,15,1,1,85.73,2,20,1.990966796875,0
1,1.6985623200000006,0,0,25,3,18.0,10,7,1,1,59.99,2,-10,1.828125,0
0,-8.273182649999995,1,0,26,3,18.0,15,8,1,0,78.58,2,1,1.828125,0
0,-9.409883459999987,1,0,66,2,11.0,15,40,0,0,73.82,3,-11,1.828125,1
0,2.6033274100000057,0,0,43,2,20.0,20,23,2,0,84.94,0,-5,1.828125,0
0,4.08536556,0,0,53,2,19.0,40,21,0,0,81.19,1,-10,1.79736328125,1
0,1.1379759599999986,1,0,35,3,18.0,30,15,1,0,47.85,3,0,1.828125,1
0,4.080893650000007,1,0,43,3,21.0,20,30,1,0,61.69,2,20,1.828125,0
0,8.16797596,1,0,45,3,19.0,20,13,1,1,40.82,1,10,1.828125,0
0,5.444486019999999,1,0,32,3,14.0,20,16,0,0,60.78,0,-2,1.828125,0
0,15.198957930000006,0,1,30,2,19.0,5,12,1,1,70.53,2,-1,1.81494140625,0
1,3.066230990000001,1,0,34,3,15.0,20,10,1,1,54.54,4,-20,1.81494140625,0
1,11.562755160000007,0,0,56,3,15.0,7,31,2,0,110.0,0,-7,1.81494140625,0
0,-0.1131826499999988,0,0,50,2,15.0,20,36,2,1,70.42,3,0,1.81494140625,1
0,-1.2447227599999875,0,0,30,3,18.0,40,12,1,1,115.55,2,0,1.81494140625,0
0,3.624969950000001,0,0,48,2,18.0,20,32,0,0,57.61,2,0,1.81494140625,0
0,6.575072380000009,1,0,49,2,17.0,20,31,2,1,72.35,2,0,1.940185546875,0
1,12.700996079999996,1,0,40,3,18.0,1,15,2,2,70.76,2,-1,1.81494140625,0
0,0.7981808200000131,0,0,39,2,18.0,40,25,2,0,83.57,2,-10,1.81494140625,0
0,-10.884546119999996,1,0,38,2,19.0,20,21,2,2,67.13,2,0,1.81494140625,0
0,0.3359378100000043,1,0,37,2,,20,3,1,1,50.92,1,-10,1.81494140625,0
0,4.3070081000000044,1,0,61,1,12.0,7,22,2,1,54.66,4,3,1.81494140625,0
0,7.142550299999996,1,0,42,3,18.0,20,24,2,1,79.04,4,-2,1.81494140625,0
1,18.02914868000001,0,0,59,1,19.0,40,55,2,0,56.36,4,-40,1.81494140625,1
0,5.443327410000009,0,0,28,3,12.0,20,13,2,2,82.1,3,10,1.81494140625,0
0,-0.9024055399999896,0,0,49,3,19.0,15,32,2,2,72.57,1,5,1.7333984375,0
0,-19.734620329999984,1,1,32,2,13.0,5,14,2,0,151.73,3,15,1.84130859375,0
0,-2.0404698199999984,1,0,47,3,18.0,2,29,1,1,53.75,2,1,1.84130859375,0
0,6.807403710000003,0,0,30,3,19.0,1,12,2,0,76.2,2,19,1.84130859375,0
1,3.2857470599999985,1,0,28,3,21.0,20,9,1,0,59.31,2,-20,1.84130859375,0
0,7.368562320000002,1,0,47,2,18.0,25,29,1,1,54.32,1,-5,1.84130859375,0
0,-0.0003673900000080721,1,0,37,2,20.0,20,16,1,2,69.4,2,10,1.84130859375,0
1,4.650028219999996,0,0,31,3,18.0,20,12,2,0,88.79,2,-20,1.84130859375,0
1,10.32021897,0,0,38,3,18.0,30,24,2,2,71.78,3,-30,1.847900390625,0
0,5.212741050000005,0,0,42,3,19.0,30,27,1,1,69.63,2,0,1.940185546875,0
0,6.806626600000001,0,0,51,1,16.0,5,33,1,2,74.84,1,15,1.940185546875,0
0,8.728269140000002,1,1,31,2,12.0,10,14,1,0,46.61,2,10,1.940185546875,0
0,-2.3764818399999967,1,1,48,3,16.0,20,32,2,1,78.58,2,0,1.940185546875,0
0,0.9101165400000042,1,0,46,1,13.0,40,34,2,1,63.5,3,0,1.940185546875,0
0,12.02274105,0,0,30,3,14.0,20,14,1,0,62.82,2,0,1.940185546875,0
0,3.852447870000006,1,0,25,2,14.0,15,12,1,1,64.64,3,2,1.940185546875,0
1,-8.047640449999989,1,0,47,2,18.0,60,26,2,1,105.57,4,-60,1.513427734375,0
1,-3.7429919,0,0,61,3,18.0,10,40,1,1,62.71,4,-10,1.940185546875,0
0,5.894779200000002,0,0,68,1,15.0,25,48,2,1,66.68,4,-5,1.940185546875,1
0,-1.7042529399999964,0,0,27,2,16.0,8,11,1,0,64.3,2,12,1.940185546875,0
0,-0.2292970999999966,0,0,28,3,18.0,20,14,1,0,77.34,3,30,1.940185546875,0
0,1.2434157300000024,0,0,54,2,20.0,20,40,1,1,57.27,0,-10,1.940185546875,0
0,10.8866266,0,0,25,2,16.0,40,16,0,0,70.76,1,-20,1.940185546875,1
0,3.9647792000000095,1,0,43,2,18.0,40,34,0,0,68.61,3,0,1.940185546875,0
0,-2.3774497,0,0,36,2,12.0,40,26,2,0,88.56,0,20,1.940185546875,1
0,7.936817350000005,1,0,33,1,16.0,10,14,2,1,62.37,4,10,1.940185546875,0
0,1.0228293700000035,1,0,53,1,18.0,10,15,1,1,44.79,4,10,1.940185546875,1
0,-1.9229918999999995,1,0,54,1,18.0,30,34,1,1,60.89,3,0,1.940185546875,0
0,6.012066370000014,0,0,36,1,18.0,40,20,1,1,85.16,3,10,1.940185546875,0
0,-9.075220799999997,0,0,60,1,18.0,20,42,0,0,81.65,2,-10,1.775390625,0
0,2.8356587399999995,0,0,25,4,18.0,20,4,0,0,88.79,4,0,1.775390625,0
0,6.126714919999998,1,0,48,1,13.0,25,29,2,1,46.49,4,5,1.775390625,0
0,3.74545388,1,0,48,2,18.0,12,29,2,1,52.5,3,-2,1.460693359375,0
0,5.783327409999998,0,0,40,2,,20,24,0,0,81.76,1,20,1.775390625,1
0,9.643224980000006,1,1,26,3,11.0,20,8,2,0,60.21,3,0,1.775390625,0
0,-2.494136399999988,0,0,37,5,21.0,30,16,2,2,129.5,4,-10,1.775390625,0
0,-3.2895902799999988,0,0,50,1,,20,35,2,1,74.05,4,0,1.775390625,1
0,2.042755160000013,0,0,50,5,19.0,40,29,1,0,119.52,4,-10,1.775390625,1
0,7.484779200000005,1,0,53,3,18.0,15,38,1,1,65.09,0,0,1.775390625,0
0,1.1311868300000043,0,1,29,3,13.0,15,7,2,0,70.99,2,-7,1.775390625,0
0,-2.833769009999997,0,0,62,1,11.0,20,48,2,1,60.44,4,-3,1.775390625,1
0,-0.0025079699999963,0,0,68,1,12.0,12,50,0,0,53.98,1,-7,1.775390625,1
0,-8.047845309999992,1,1,28,3,18.0,20,10,2,1,70.19,2,0,1.85009765625,0
0,1.8165382800000032,0,1,53,1,15.0,20,41,2,1,108.86,4,5,1.85009765625,0
1,-5.327170629999998,0,0,57,1,11.0,20,39,2,2,51.14,2,-20,1.79736328125,1
0,-1.7008513199999982,0,0,43,3,20.0,30,26,1,0,76.09,0,10,1.6455078125,0
0,10.99886961,1,0,43,3,19.0,3,40,1,1,103.76,3,7,,0
1,10.655747060000005,1,0,64,3,18.0,20,28,1,0,51.94,0,-20,1.845703125,0
0,20.298474,0,0,37,2,,10,23,2,0,70.42,1,10,1.85009765625,0
1,13.611377580000005,1,0,55,2,19.0,20,35,1,1,47.17,3,-20,1.803955078125,0
1,-0.1174496999999945,0,0,53,3,15.0,14,37,2,0,86.3,3,-14,1.845703125,0
0,-2.263959759999992,0,1,50,5,19.0,15,36,2,0,71.21,1,0,1.85009765625,0
0,-4.762303110000005,0,0,39,5,20.0,5,19,0,1,94.12,0,5,1.85009765625,0
0,8.621377580000008,1,0,46,2,20.0,20,28,0,1,52.16,1,-10,1.85009765625,0
0,3.853415730000009,1,0,28,3,21.0,30,12,0,0,54.66,1,10,1.85009765625,0
0,9.185174809999992,0,1,29,3,18.0,10,9,1,0,87.43,2,10,1.85009765625,0
1,7.140702900000008,0,0,26,3,18.0,20,8,1,2,69.97,2,-20,1.85009765625,0
0,10.087990070000004,1,1,38,2,15.0,15,21,1,1,85.62,3,5,1.85009765625,0
0,2.4943835900000053,1,0,34,3,18.0,15,14,1,1,46.04,3,15,1.85009765625,0
0,5.31954429000001,1,1,44,3,18.0,10,7,2,2,93.11,1,0,1.85009765625,0
0,1.3589579300000023,0,0,52,4,20.0,40,35,1,0,84.37,2,-10,1.85009765625,0
0,1.702257120000013,1,0,57,1,14.0,20,27,2,1,78.13,4,10,1.739990234375,1
1,9.63604024,0,1,53,2,15.0,12,43,1,1,59.31,0,-12,1.739990234375,1
0,12.58557042000001,0,1,28,2,15.0,40,16,0,0,108.07,2,-10,1.739990234375,0
0,6.463136660000004,0,1,49,1,18.0,15,33,1,0,92.42,4,-5,1.513427734375,1
0,0.002931800000006,0,1,47,1,13.0,20,31,0,0,63.5,2,10,1.739990234375,1
0,1.3567290299999968,0,0,30,3,,20,12,1,0,97.98,4,0,1.739990234375,0
1,5.55526313,0,0,50,3,18.0,20,35,1,0,62.03,4,-20,1.739990234375,1
1,1.8142952700000023,1,0,65,1,18.0,40,15,2,1,75.75,4,-40,1.739990234375,0
0,8.38691978,0,0,33,1,13.0,20,19,2,0,79.61,0,10,1.739990234375,0
1,3.741186830000004,0,0,66,1,14.0,40,57,2,1,68.38,0,-40,1.739990234375,1
0,1.3623454400000057,1,0,44,3,20.0,20,24,1,1,49.44,4,-2,1.513427734375,0
0,25.513532270000013,1,1,46,2,15.0,20,21,2,0,97.41,1,-10,1.451904296875,0
0,0.2288554999999945,0,0,49,2,17.0,40,33,2,1,67.81,0,0,1.739990234375,0
1,1.9319639400000028,1,0,44,2,17.0,25,21,2,2,71.55,4,-25,1.739990234375,0
0,-3.629297099999988,0,0,28,5,17.0,20,11,2,0,80.74,1,-10,1.739990234375,0
0,6.807887640000004,1,0,40,4,20.0,60,17,2,2,71.21,0,20,1.739990234375,0
0,-2.946086229999992,1,1,42,1,15.0,20,25,2,1,103.19,3,-10,1.72900390625,1
0,-3.1725962900000013,0,1,39,3,14.0,5,22,1,1,86.18,2,2,1.775390625,0
0,0.2306004700000059,1,0,33,3,20.0,20,15,2,0,59.19,1,10,1.735595703125,0
1,-7.375602299999997,0,0,55,5,20.0,40,30,1,0,102.63,4,-40,1.775390625,1
0,-1.0209537499999968,1,0,25,5,18.0,15,7,1,0,57.72,1,5,1.775390625,0
0,9.635365559999997,0,0,56,2,19.0,20,41,0,0,75.64,1,5,1.803955078125,1
1,11.00351816,1,1,39,5,20.0,10,19,1,1,65.2,0,-10,1.775390625,0
1,-2.3833733999999964,0,0,57,2,19.0,25,36,2,0,84.03,2,-25,1.77099609375,0
0,-12.25154011,1,0,66,3,16.0,20,40,1,1,56.25,0,20,1.84130859375,1
1,-5.6729919,1,0,58,1,17.0,2,30,2,0,64.64,4,-2,1.77099609375,0
0,13.720321400000016,0,0,28,4,18.0,30,10,0,0,86.07,2,10,1.85009765625,1
0,-7.252991899999998,1,0,62,2,13.0,15,27,2,1,66.22,3,0,1.77099609375,0
0,1.9296326099999987,0,0,31,4,20.0,30,16,0,1,67.47,1,10,1.7509765625,0
0,6.467785210000002,1,0,28,3,20.0,20,13,2,1,53.86,2,-5,1.77099609375,0
0,5.2174920300000025,1,0,27,3,20.0,20,13,2,0,48.76,3,0,1.77099609375,0
1,1.3633274099999966,1,0,58,3,18.0,3,16,2,1,86.18,3,-3,,0
0,-2.1553232299999934,1,0,27,2,18.0,15,11,2,1,57.04,2,5,1.77099609375,0
1,16.781200940000005,0,0,27,3,14.0,20,7,2,1,102.06,3,-20,1.77099609375,0
1,10.548078390000008,0,0,46,4,20.0,6,30,1,0,56.13,0,-6,1.451904296875,0
1,2.9528293700000035,1,0,59,1,13.0,5,25,2,0,42.86,4,-5,1.856689453125,1
1,6.345556310000006,0,0,41,5,18.0,30,21,1,0,67.59,2,-30,1.79736328125,0
0,-1.2781384899999964,1,0,65,1,12.0,10,56,1,1,57.07,1,-4,1.735595703125,1
0,1.4760402400000032,0,0,47,3,19.0,15,29,2,0,67.47,3,5,1.775390625,0
0,6.578474,0,0,35,1,18.0,40,23,1,0,84.14,3,-10,1.735595703125,0
1,-10.89095375,1,0,41,3,19.0,20,1,2,2,67.59,1,-20,1.81494140625,0
0,-30.50192161,1,0,60,2,,25,46,1,1,97.18,1,5,1.777587890625,1
0,-8.39492761999999,0,0,29,3,21.0,30,11,2,1,87.32,1,-5,1.990966796875,0
1,-14.29143768,1,0,36,3,19.0,20,15,2,1,75.98,3,-20,1.990966796875,0
1,17.345072380000005,1,0,43,2,14.0,15,22,1,1,61.58,4,-15,1.990966796875,0
0,3.514192840000007,1,0,52,3,20.0,15,37,1,0,56.36,2,-2,1.79736328125,0
0,5.215747059999998,0,0,39,1,18.0,20,25,2,0,57.38,2,0,1.990966796875,0
0,0.454676770000006,1,0,64,4,13.0,40,35,1,1,54.43,1,-20,1.735595703125,0
0,-2.944252940000005,1,0,50,5,20.0,25,26,2,1,65.54,1,-16,1.773193359375,0
0,0.9060402399999958,0,0,29,2,19.0,20,13,1,1,68.04,0,0,1.92919921875,0
0,-9.07192160999999,1,0,54,2,20.0,20,36,1,1,75.75,4,0,1.856689453125,1
0,-1.9295902799999995,0,0,38,5,22.0,20,20,1,1,72.69,0,20,1.5927734375,0
0,-0.5681384899999955,1,0,40,5,17.0,1,17,1,0,56.36,0,4,1.81494140625,0
1,7.252550299999996,0,0,57,3,16.0,8,37,2,1,78.93,2,-8,1.739990234375,0
0,1.1328434800000051,0,0,50,1,12.0,1,38,0,0,91.4,4,3,1.739990234375,0
0,-0.1131826499999988,1,1,51,3,17.0,15,16,2,1,70.42,3,0,1.739990234375,1
0,2.38002822,0,0,33,1,17.0,12,13,1,0,91.06,4,3,1.739990234375,0
0,8.163899660000006,1,0,39,2,18.0,10,24,1,0,45.36,4,10,1.739990234375,0
0,-5.211335250000005,1,0,64,1,12.0,2,34,2,0,84.59,1,8,1.739990234375,0
0,4.874779200000006,0,0,42,2,12.0,40,36,2,0,67.7,0,-20,1.460693359375,1
0,3.854486020000003,0,0,58,2,12.0,20,46,2,0,62.37,3,0,1.739990234375,0
0,0.4577852100000044,1,0,33,2,16.0,40,11,1,0,59.87,4,-20,1.739990234375,1
0,4.873224980000003,1,0,49,1,19.0,20,35,1,1,64.98,4,-10,1.513427734375,0
1,2.26778521,0,0,54,1,18.0,20,48,1,0,58.06,4,-20,1.85009765625,0
1,-3.288329239999996,1,0,45,3,19.0,20,26,2,0,70.42,3,-20,1.513427734375,0
0,7.258474000000007,1,0,37,4,18.0,20,19,2,0,83.46,3,10,1.739990234375,0
0,-2.950469819999995,1,0,37,3,16.0,40,22,0,0,54.66,2,0,1.739990234375,0
0,-1.4755139800000023,0,0,56,1,12.0,10,46,1,1,67.7,3,0,1.739990234375,0
1,-6.913285080000001,1,0,56,1,13.0,18,22,2,1,59.53,3,-18,1.739990234375,1
0,1.7050723800000045,0,0,38,1,13.0,40,22,2,1,77.22,4,20,1.739990234375,1
0,3.0616707600000126,1,0,47,2,19.0,20,28,2,0,64.07,2,0,1.739990234375,0
0,-2.270264959999992,0,0,29,3,18.0,20,15,1,0,89.36,4,4,1.739990234375,0
0,0.1165241699999981,1,0,33,2,18.0,18,16,1,0,63.84,4,2,1.739990234375,0
0,14.743429840000005,0,0,40,1,18.0,20,21,0,0,90.49,0,-10,1.739990234375,1
0,7.594969949999999,1,0,36,2,18.0,10,18,2,0,53.64,2,10,1.739990234375,0
0,3.289148680000011,0,0,51,2,22.0,5,29,0,0,71.1,2,1,1.739990234375,0
0,-2.384927619999999,0,0,56,1,22.0,20,42,1,0,81.31,2,0,1.739990234375,1
0,2.3815824400000025,0,0,43,3,19.0,30,28,2,0,93.78,2,10,1.739990234375,1
1,2.4913775800000053,1,0,44,1,19.0,20,27,2,1,58.29,3,-20,1.5927734375,0
0,10.093811340000016,0,0,30,1,14.0,20,4,0,0,72.46,4,-4,1.739990234375,0
0,-0.912112360000009,0,0,51,3,19.0,5,44,2,1,78.93,0,1,1.79736328125,1
0,-8.163373399999998,1,1,43,2,13.0,5,26,2,2,89.81,3,5,1.86767578125,0
0,0.7980783900000148,1,0,38,3,18.0,20,14,2,1,65.88,3,0,1.845703125,0
1,14.179735040000011,0,0,43,5,22.0,5,13,0,0,72.91,1,-5,1.86767578125,0
0,-1.4785199899999952,0,0,26,5,18.0,20,8,1,0,79.95,0,-18,1.86767578125,0
0,0.910702900000004,1,0,43,5,12.0,50,15,2,2,76.2,0,-10,1.81494140625,0
0,0.4537089100000031,1,0,53,5,20.0,14,28,0,0,64.41,1,1,1.951171875,0
0,-4.992214789999991,0,0,60,3,19.0,50,35,0,0,65.32,0,-10,2.02587890625,1
0,-3.176877449999999,1,0,30,3,19.0,10,12,1,0,55.34,1,10,1.612548828125,0
0,1.7021546900000075,1,0,26,3,18.0,30,8,1,1,60.44,0,0,1.86767578125,0
0,-4.0858071599999946,1,0,59,2,14.0,10,40,1,1,63.96,3,5,1.460693359375,1
0,2.718371570000002,1,1,28,2,18.0,10,12,1,0,70.31,2,0,1.803955078125,0
0,10.887785210000004,1,0,54,3,19.0,10,32,2,0,49.44,0,0,1.86767578125,0
0,9.183224980000006,1,0,39,2,20.0,40,18,2,2,60.67,0,-10,1.79736328125,0
0,1.8097350400000067,0,1,39,3,21.0,20,21,1,0,85.28,1,10,1.803955078125,0
0,6.232154690000009,0,0,37,5,21.0,60,21,0,1,55.91,2,-40,1.777587890625,0
0,8.962931800000007,1,0,26,5,21.0,20,7,1,1,54.54,3,-10,1.86767578125,0
1,-0.4549276199999923,0,0,45,3,19.0,40,30,1,0,79.38,2,-40,1.5927734375,0
0,-3.627068199999989,1,0,33,3,19.0,4,13,2,0,67.13,4,4,1.735595703125,0
0,-5.443666579999984,0,0,45,1,13.0,20,40,2,1,80.74,1,0,1.735595703125,0
0,11.224104519999996,0,0,62,5,22.0,6,46,0,0,77.68,3,4,1.735595703125,0
0,9.86284348000001,1,1,32,2,18.0,1,2,2,0,82.67,2,2,1.735595703125,0
1,8.392741049999998,1,0,52,3,19.0,5,1,1,1,66.45,2,-5,1.856689453125,0
1,-1.1349276199999991,0,0,56,3,19.0,20,36,2,1,80.06,2,-20,1.735595703125,0
0,1.9305121500000129,0,0,50,5,20.0,20,26,1,1,86.52,4,0,1.735595703125,0
0,-3.398431670000001,1,0,46,2,18.0,20,28,2,0,52.84,4,-14,1.735595703125,1
0,2.2674037100000106,1,1,44,1,12.0,10,26,2,1,80.74,2,0,1.735595703125,0
1,7.034486020000003,0,0,46,2,19.0,35,33,2,1,59.19,2,-35,1.735595703125,0
1,-7.821246930000001,0,1,66,1,18.0,5,48,2,1,58.17,0,-5,1.735595703125,1
1,2.4984740000000016,1,0,69,1,18.0,15,13,2,1,88.22,3,-15,1.735595703125,1
1,3.28652417,1,0,46,1,12.0,10,26,2,2,60.67,4,-10,1.735595703125,0
1,4.6532249800000045,1,0,32,3,19.0,10,14,2,1,65.2,3,-10,1.79736328125,0
1,9.860702900000009,0,0,50,3,19.0,20,32,1,0,67.25,3,-20,1.735595703125,0
0,2.382741050000007,1,0,54,2,18.0,20,34,1,0,72.46,4,0,1.735595703125,1
0,7.821773190000002,0,0,46,5,20.0,30,28,0,0,77.0,3,-10,1.735595703125,0
0,-5.669106349999993,1,1,31,3,18.0,20,13,2,1,71.44,2,-8,1.735595703125,0
0,1.5869197800000023,0,0,33,3,19.0,30,19,0,0,86.41,3,0,1.777587890625,0
1,9.07419284000001,1,0,34,2,17.0,5,17,1,1,50.8,3,-5,1.6455078125,0
0,-3.738519989999986,0,0,46,3,21.0,20,30,1,1,82.21,0,3,1.6455078125,0
0,-1.9299717800000025,0,0,56,3,19.0,30,37,1,0,95.37,0,0,1.739990234375,1
1,10.88488163000001,1,0,58,3,13.0,10,44,0,0,79.38,2,-10,1.6455078125,0
0,-0.9047368699999936,1,0,52,5,17.0,18,22,2,2,68.49,4,-8,,0
0,-1.7036665799999895,0,0,50,2,17.0,20,32,2,1,77.0,2,0,1.6455078125,1
0,4.536626600000005,1,1,30,3,18.0,10,5,1,1,77.11,3,0,1.777587890625,0
0,4.762066370000014,0,0,60,3,20.0,40,42,2,0,86.41,0,-20,1.777587890625,1
0,5.330893650000007,1,1,25,3,19.0,19,5,1,1,60.44,2,-9,1.85009765625,0
0,2.044588450000006,0,0,47,5,22.0,20,26,2,1,81.87,0,0,1.6455078125,0
1,10.890218970000006,0,0,34,3,19.0,20,17,0,2,71.21,0,-20,,0
0,8.161289260000004,0,0,32,3,22.0,20,16,0,0,81.65,2,0,1.739990234375,0
0,0.3404097199999967,0,0,47,4,16.0,36,30,1,1,70.42,2,4,1.828125,0
0,-2.8344436899999863,1,0,34,3,19.0,30,20,2,1,76.77,2,10,1.92919921875,0
0,3.401289260000013,0,0,37,4,19.0,20,19,1,1,86.41,1,0,1.81494140625,0
0,2.835453880000003,1,0,32,3,19.0,1,16,1,0,53.41,4,1,,0
0,-11.340660569999995,0,0,46,3,19.0,20,32,2,1,74.39,0,-5,1.86767578125,1
0,7.602257120000004,1,0,50,4,22.0,20,33,1,0,72.23,3,-8,2.02587890625,0
0,1.8181808200000087,1,0,29,1,20.0,10,13,1,1,82.55,0,10,1.803955078125,0
0,20.07294591,0,0,26,3,19.0,1,13,1,1,90.15,0,-1,1.86767578125,0
1,2.49624510000001,0,0,44,3,19.0,40,27,2,0,101.83,1,-40,2.02392578125,0
1,18.366626600000004,0,0,31,3,18.0,20,17,2,0,63.28,1,-20,1.79736328125,0
1,-1.3639597600000002,0,0,62,1,15.0,20,52,2,2,70.31,2,-20,1.828125,1
0,5.674486020000003,1,0,39,2,18.0,20,26,1,0,60.55,1,-10,1.86767578125,0
0,1.8109960799999956,0,0,27,3,19.0,20,8,0,0,81.65,0,10,1.86767578125,0
0,6.010116540000006,1,0,48,3,13.0,20,32,1,1,58.4,1,0,1.86767578125,0
0,1.9254538799999992,1,0,52,2,19.0,20,31,1,1,54.32,4,0,1.713623046875,0
1,18.486435850000007,0,0,47,2,19.0,40,30,1,1,74.5,3,-40,,0
0,-1.9286224199999964,0,1,57,1,19.0,20,35,1,0,62.71,2,-10,1.5927734375,1
1,21.207696889999998,0,0,42,2,19.0,20,26,1,0,68.15,0,-20,1.81494140625,1
0,7.4820663700000125,1,1,39,4,18.0,15,22,1,0,83.69,0,5,1.735595703125,0
0,5.673811340000015,0,0,63,3,21.0,20,44,1,1,76.88,0,-18,1.79736328125,1
0,0.1167149199999997,1,0,56,3,18.0,20,33,1,1,52.5,2,-18,2.02587890625,0
0,4.880116540000003,0,0,26,3,22.0,30,11,0,0,59.53,0,-10,2.02587890625,0
0,7.030512150000007,0,0,27,4,19.0,20,9,2,1,81.42,3,0,1.79736328125,0
0,-0.2252207999999882,0,0,40,3,19.0,20,24,1,0,72.8,0,10,1.92041015625,0
0,2.2650723800000065,0,0,30,3,18.0,20,12,0,0,76.66,2,15,1.92041015625,0
0,-1.244839299999995,1,0,26,3,18.0,20,9,1,1,51.14,2,10,1.847900390625,0
0,1.252154690000005,1,0,50,4,17.0,10,29,1,0,60.89,3,10,1.92041015625,1
0,-4.425602300000008,0,0,68,4,19.0,40,50,1,1,99.68,3,-40,1.92041015625,1
1,-4.6470682,0,0,68,1,18.0,10,48,2,0,68.15,1,-10,1.92041015625,1
1,17.580512150000004,0,0,33,5,14.0,30,13,1,0,70.87,2,-30,1.92041015625,0
0,-4.75784531,0,0,55,2,18.0,20,35,0,0,66.9,2,5,1.847900390625,0
1,14.405556310000009,0,0,34,2,19.0,30,18,1,1,59.53,0,-30,1.92041015625,0
0,1.9301165400000075,1,0,29,3,18.0,7,9,1,0,62.48,2,3,1.92041015625,0
1,6.240321400000013,1,0,42,3,18.0,1,24,2,0,93.55,2,-1,1.92041015625,0
1,-0.0021123599999981,1,0,39,2,18.0,2,5,1,0,78.02,2,-2,1.92041015625,0
0,-0.5632709700000049,0,0,43,3,18.0,10,29,1,1,99.9,1,10,1.92041015625,1
0,-3.4009537499999998,0,0,44,2,13.0,40,27,2,0,60.1,0,0,1.92041015625,1
0,2.0444860199999937,0,0,47,1,14.0,20,29,1,0,64.18,4,0,1.92041015625,0
1,-2.152889470000005,0,0,69,3,11.0,20,54,1,1,78.81,2,-20,1.713623046875,1
0,11.228664749999991,0,0,41,3,19.0,20,27,0,0,68.15,0,10,2.02392578125,0
1,22.91032140000001,0,0,53,1,20.0,10,44,1,0,76.88,1,-10,1.990966796875,0
0,-4.079692709999996,1,0,55,1,13.0,20,34,2,2,57.15,0,-10,1.845703125,1
0,-1.252112359999998,0,0,49,3,21.0,20,33,0,0,79.27,0,20,1.803955078125,0
1,-0.3362910900000031,0,0,68,3,20.0,40,50,1,1,65.2,2,-40,1.86767578125,0
1,0.5625502999999981,0,0,39,5,22.0,20,21,2,1,85.62,0,-20,1.86767578125,0
0,0.5646908800000006,0,0,37,3,19.0,20,18,0,0,101.04,3,20,1.86767578125,0
1,-16.778813170000006,0,0,50,1,14.0,10,35,1,0,88.9,2,-10,,1
0,12.47507238,0,0,50,3,14.0,30,38,1,0,66.45,0,0,1.86767578125,0
0,-3.510762999999997,1,0,54,3,18.0,10,32,2,1,48.87,0,0,,0
0,-23.47764045,0,0,65,1,14.0,40,49,2,1,121.0,3,-30,1.845703125,1
0,3.3988554999999963,1,0,55,1,18.0,20,35,1,0,64.64,4,0,,1
0,1.5916707599999995,1,0,36,3,22.0,20,22,1,0,65.54,2,0,1.86767578125,0
0,8.954486019999997,1,0,31,4,20.0,15,3,2,1,57.27,3,0,2.0478515625,0
1,3.971582440000006,0,0,68,1,18.0,3,38,1,1,92.19,2,-3,,1
1,4.311963939999998,0,0,53,3,19.0,10,34,1,0,69.17,4,-10,1.847900390625,1
0,-4.192991899999996,1,0,46,1,19.0,30,21,2,2,63.16,4,0,1.847900390625,1
0,-0.2254115499999898,0,0,38,3,20.0,40,20,1,1,84.14,2,-10,1.847900390625,0
1,0.457008100000003,0,0,51,2,19.0,20,35,0,0,58.51,1,-20,1.847900390625,0
0,-1.5852207999999877,1,0,57,2,18.0,20,40,1,0,74.16,3,10,2.10302734375,1
1,-9.642991899999998,1,0,34,3,19.0,15,13,2,1,68.61,0,-15,1.847900390625,0
0,-2.72395976,1,0,42,2,15.0,20,15,2,2,71.67,4,-5,1.847900390625,0
0,-3.625220799999994,0,0,39,2,22.0,30,24,1,1,76.2,1,-27,1.847900390625,0
0,-1.1329919000000004,1,0,47,3,19.0,18,28,2,0,60.1,2,2,1.847900390625,0
0,7.02691978,0,0,31,5,20.0,20,15,2,2,80.97,1,0,1.847900390625,0
0,-2.611628429999996,1,0,44,3,18.0,10,25,2,1,75.64,2,-4,1.951171875,0
0,0.0010844000000034,1,0,55,1,19.0,20,37,2,1,54.43,4,0,1.847900390625,1
0,12.589735040000008,1,0,29,2,15.0,17,13,2,1,74.5,3,3,1.847900390625,0
1,1.6981808200000046,0,0,25,5,19.0,20,9,1,1,82.67,0,-20,1.847900390625,0
1,3.9701165400000074,1,0,28,3,19.0,10,7,2,1,60.44,3,-10,1.940185546875,0
0,7.821084400000004,1,0,27,3,19.0,30,10,1,1,46.61,3,-10,1.847900390625,0
0,-15.308915599999992,1,0,49,3,21.0,5,8,2,2,69.74,2,-5,1.847900390625,0
0,0.5685764300000073,0,1,43,1,19.0,20,28,2,1,107.84,2,0,1.775390625,0
0,2.381084400000006,1,1,53,1,12.0,10,35,2,1,52.05,0,0,1.72900390625,1
1,1.3579759599999974,1,0,33,3,,5,14,2,2,47.63,2,-5,1.777587890625,0
0,6.914192840000005,1,0,57,3,15.0,10,27,0,0,52.96,2,5,1.777587890625,0
1,11.79177319,0,0,61,3,18.0,10,31,2,0,73.03,2,-10,1.69384765625,0
1,0.4518756200000098,1,0,55,1,18.0,2,37,2,1,102.06,3,-2,1.777587890625,1
0,-1.7045461200000034,1,0,25,5,21.0,20,8,1,1,57.95,2,0,1.777587890625,0
0,7.708957930000011,0,0,50,3,20.0,30,35,1,0,78.02,3,10,1.665283203125,0
0,-0.7964818399999984,0,0,33,3,19.0,30,15,0,0,77.0,2,0,1.803955078125,0
0,30.619455970000004,1,0,35,3,19.0,25,19,0,2,96.84,0,15,1.777587890625,0
0,-2.49085131999999,0,0,50,3,20.0,10,30,0,2,76.88,2,-5,1.777587890625,0
1,7.482257120000014,0,0,54,3,,40,37,1,2,72.35,0,-40,1.777587890625,0
1,13.382550300000004,0,0,57,3,,5,39,1,1,72.8,2,-5,1.777587890625,1
1,5.897887639999993,1,0,44,3,18.0,2,9,1,1,72.12,2,-2,1.777587890625,0
0,4.874486019999999,1,0,51,3,22.0,20,25,1,0,61.35,1,-10,2.02392578125,0
1,3.971963939999995,1,0,46,3,20.0,3,26,1,0,69.51,1,-3,1.6455078125,0
0,-5.105411549999985,0,0,26,3,19.0,20,10,0,0,89.02,3,20,1.777587890625,0
1,-0.5681384899999955,1,0,63,3,22.0,20,33,2,0,56.36,0,-20,1.777587890625,0
1,2.6113775800000028,1,0,31,3,21.0,15,13,2,0,58.17,2,-15,1.79736328125,0
0,-0.7916284299999887,0,0,56,2,18.0,15,35,2,1,73.82,0,-5,1.92041015625,0
1,-3.2855139800000046,0,0,70,2,19.0,1,53,2,0,69.51,2,-1,1.92041015625,1
0,-4.421628429999998,0,0,27,5,20.0,15,7,1,2,77.45,2,5,1.713623046875,0
0,-3.176877449999999,1,0,28,3,19.0,1,10,1,0,55.34,3,19,1.92041015625,0
0,7.374779200000006,0,0,46,3,19.0,20,32,2,0,65.2,2,0,1.92041015625,0
0,10.31895793000001,1,0,42,3,18.0,15,22,1,0,75.41,3,5,1.92041015625,0
0,6.799823360000005,1,0,25,5,19.0,20,4,0,1,51.26,2,-1,1.847900390625,0
0,6.4587671800000095,0,0,44,5,19.0,3,24,1,0,90.61,2,4,1.92041015625,0
0,-1.5918191799999877,0,0,58,1,20.0,20,41,2,1,85.96,2,0,1.847900390625,0
1,14.175086490000012,0,0,46,5,21.0,30,30,1,1,111.47,2,-30,1.847900390625,0
1,-1.5918191799999877,0,0,33,5,19.0,20,14,1,1,85.96,2,-20,1.92041015625,0
1,7.368767180000006,0,0,45,1,20.0,30,26,1,1,89.7,2,-30,1.713623046875,0
0,-5.552317219999999,1,0,63,1,12.0,20,10,1,1,48.19,0,0,1.92041015625,0
0,-1.2512328199999845,1,0,54,3,20.0,2,34,2,0,98.32,2,8,1.713623046875,0
0,2.8394418599999938,0,0,54,1,16.0,40,46,2,1,77.9,2,-15,1.79736328125,0
0,13.83479331000001,0,0,45,2,18.0,30,30,2,0,105.46,2,30,1.79736328125,0
1,4.305072379999999,0,0,57,1,18.0,30,41,1,2,74.62,4,-30,1.79736328125,1
1,1.0247792000000118,1,0,62,3,18.0,2,22,2,2,71.55,0,-2,1.79736328125,0
0,0.5719639400000034,1,0,52,3,19.0,20,27,2,1,72.91,3,-10,1.79736328125,0
0,7.256817350000006,1,0,40,2,18.0,5,20,0,0,63.05,1,0,1.79736328125,0
0,-0.6824055399999907,1,0,58,1,18.0,40,36,2,1,72.35,3,-10,1.79736328125,0
0,7.256333420000004,0,0,60,1,18.0,20,40,1,0,68.04,1,-17,1.79736328125,0
0,-0.9089156000000004,0,0,67,3,19.0,20,55,1,1,55.34,0,-5,1.79736328125,1
0,0.2317731899999984,1,0,50,2,15.0,40,33,2,0,84.59,3,0,1.79736328125,0
0,-8.39318265,1,0,62,2,14.0,10,47,1,1,78.7,0,10,1.79736328125,1
1,-2.7225079700000023,1,0,59,3,19.0,7,39,2,1,56.7,3,-7,1.79736328125,0
0,5.098855499999999,0,0,29,3,19.0,20,12,1,1,62.94,1,20,1.79736328125,0
0,-1.9291063499999976,0,0,48,3,19.0,40,29,1,0,67.7,0,0,1.79736328125,0
1,0.910702900000004,0,0,66,4,20.0,60,52,2,1,76.2,1,-60,1.79736328125,1
0,6.125072380000006,1,0,48,3,18.0,10,28,1,1,72.8,1,-3,1.81494140625,0
0,8.052550300000007,1,0,61,2,19.0,20,45,2,1,78.13,2,0,1.81494140625,1
0,0.7970080999999993,0,0,37,3,19.0,20,19,0,0,58.17,0,20,1.460693359375,0
0,1.6998233600000034,1,0,27,4,20.0,20,7,2,0,56.36,2,0,,0
0,-12.243857329999996,1,1,69,1,15.0,10,64,2,1,98.88,0,-4,1.940185546875,1
0,3.628753070000002,1,0,28,3,21.0,30,4,1,0,46.72,4,-24,1.460693359375,0
1,5.334002090000013,1,0,40,5,21.0,10,20,1,0,65.88,3,-10,1.81494140625,0
0,1.4771988500000006,1,0,54,2,19.0,20,38,2,0,46.15,1,-5,1.81494140625,0
1,23.014984060000003,0,0,39,2,20.0,40,24,2,0,84.94,1,-40,1.81494140625,0
0,-2.377640450000001,0,0,29,3,18.0,30,14,0,0,99.9,3,10,1.92041015625,0
0,9.974969950000002,1,0,39,3,19.0,30,19,2,0,51.26,3,0,1.6982421875,0
0,9.522359550000004,0,0,48,1,19.0,30,28,2,0,88.0,0,0,1.6982421875,0
0,2.609060360000001,1,0,25,3,19.0,20,8,2,2,100.81,2,0,1.92041015625,0
1,4.648855499999996,0,0,50,3,19.0,20,31,2,0,63.39,2,-20,1.92041015625,0
0,-2.605220799999998,1,0,66,5,20.0,6,44,1,1,75.18,0,1,1.713623046875,1
0,2.7201165400000065,1,0,56,3,20.0,20,30,2,1,61.69,2,0,1.92041015625,0
0,1.2442952700000092,0,0,52,1,16.0,30,36,2,0,76.32,0,-10,,1
0,-13.609883459999992,1,0,70,1,12.0,10,15,2,0,78.02,2,0,1.92041015625,0
1,5.216919779999998,0,1,60,1,14.0,15,40,1,1,82.78,2,-15,1.84130859375,1
0,0.3358494900000011,0,0,45,3,19.0,10,22,2,1,79.95,3,-10,1.777587890625,0
0,2.0382832500000063,0,0,34,5,20.0,20,16,1,1,100.02,1,0,1.92041015625,0
0,1.244588450000009,0,0,54,3,20.0,20,30,0,0,82.67,1,0,1.92041015625,0
0,6.2354538800000014,1,0,39,1,19.0,10,24,2,0,50.01,3,-2,1.92041015625,0
0,1.813811340000015,0,0,52,1,20.0,40,34,1,0,80.74,1,0,1.92041015625,0
0,-14.057654559999996,1,0,65,2,12.0,20,33,2,1,64.86,3,-5,1.951171875,1
0,-2.384252940000003,0,0,55,2,19.0,15,41,0,0,64.98,2,0,1.828125,0
0,-2.6078453099999948,1,0,52,3,21.0,20,38,2,1,64.75,2,0,1.828125,0
0,4.766524170000004,0,0,57,5,22.0,5,33,2,1,59.19,0,1,1.828125,1
0,5.444588450000012,0,0,30,2,16.0,40,12,1,1,78.47,2,-20,,0
0,7.256333420000004,1,0,60,2,16.0,20,44,2,1,68.04,3,-5,1.79736328125,0
0,8.274779200000012,1,0,48,1,18.0,15,18,2,2,64.3,1,-5,,0
0,6.800996080000004,0,0,49,4,18.0,20,32,1,1,76.66,0,10,1.828125,0
0,3.742257120000005,0,0,41,3,21.0,4,23,1,0,76.09,0,0,1.79736328125,0
0,9.295365559999992,1,0,49,3,19.0,15,30,1,0,75.98,3,5,1.79736328125,0
0,3.970218970000005,0,0,38,3,18.0,40,22,2,0,78.13,3,0,1.79736328125,0
1,6.686626600000011,0,0,67,1,14.0,20,46,2,1,74.96,2,-20,1.79736328125,1
0,1.0207029000000034,1,0,42,3,18.0,40,23,1,1,76.09,3,-10,1.79736328125,0
0,7.596333420000008,0,0,26,3,18.0,20,8,0,0,67.7,2,0,1.79736328125,0
0,-9.749985889999998,1,0,50,3,18.0,40,29,2,1,56.47,4,-20,,0
0,1.9321546900000044,1,0,51,2,18.0,20,29,1,0,60.21,3,0,1.79736328125,0
0,3.1768173500000074,0,0,36,3,19.0,15,21,1,1,67.13,4,15,1.79736328125,0
0,0.1132249800000124,0,0,32,3,18.0,5,16,1,1,69.74,2,15,1.79736328125,0
1,-1.9253232299999965,1,0,53,3,19.0,6,39,0,0,56.81,3,-6,1.79736328125,0
0,10.542447870000004,0,0,29,2,19.0,20,13,1,0,57.95,3,0,1.79736328125,0
1,7.485747060000001,1,0,39,4,21.0,30,21,1,1,55.11,0,-30,1.92041015625,1
0,5.445556310000015,0,0,29,4,19.0,20,12,0,0,68.49,1,20,1.92041015625,0
1,3.0607029000000097,0,0,31,5,20.0,15,15,0,1,74.05,2,-15,1.92041015625,0
0,2.493811340000008,0,0,50,2,18.0,30,33,1,0,80.06,1,0,1.92041015625,0
1,5.6725502999999975,0,1,48,1,,10,10,2,0,80.51,4,-10,,0
0,6.232945910000012,0,0,28,3,19.0,40,13,1,1,103.99,1,0,1.92041015625,0
0,1.5887530700000028,1,0,31,3,20.0,30,13,2,0,48.76,0,10,2.02587890625,0
0,-0.5642529399999958,1,0,45,2,18.0,40,25,0,0,63.16,2,-25,1.828125,0
0,-1.925895479999994,1,0,29,4,14.0,40,14,2,1,90.83,3,0,1.828125,0
0,1.5907912199999998,1,0,45,2,18.0,30,30,1,0,46.49,1,-10,1.828125,0
0,3.0571105300000028,0,0,51,2,,4,28,1,0,73.6,2,0,,0
0,-14.510469819999996,1,1,68,1,19.0,2,40,2,1,66.22,3,0,1.451904296875,1
0,3.2843976999999995,0,0,41,3,22.0,40,26,1,1,91.97,0,-30,,0
1,6.126626600000009,1,0,51,3,21.0,30,38,2,1,75.52,3,-30,1.828125,0
0,2.72332741000001,1,0,58,2,18.0,8,28,1,1,84.82,4,2,1.513427734375,0
1,17.57624510000001,0,1,55,1,13.0,20,39,2,1,86.75,4,-20,1.513427734375,0
0,5.445072379999999,0,0,56,2,18.0,20,38,1,0,73.48,4,-10,1.940185546875,0
0,8.166040240000001,0,0,51,3,17.0,16,36,2,0,60.78,4,4,1.513427734375,0
0,9.753224980000006,1,0,50,3,20.0,20,12,2,0,60.1,3,0,1.513427734375,1
0,6.462257120000004,0,0,34,3,18.0,20,18,0,0,73.37,3,20,1.79736328125,0
0,2.2647792000000067,0,0,65,2,15.0,20,49,1,1,70.31,3,-5,1.513427734375,1
0,0.564192840000004,1,0,43,2,14.0,8,2,1,0,59.31,2,12,1.513427734375,0
1,19.73322498000001,1,0,45,3,18.0,25,27,2,0,50.12,4,-25,1.513427734375,0
0,-5.7808513199999965,0,0,62,2,19.0,20,37,1,0,80.17,4,0,1.513427734375,0
1,12.361582440000006,0,0,34,4,20.0,20,15,2,0,83.8,2,-20,1.513427734375,0
1,-1.8156022999999948,0,0,40,3,19.0,6,32,2,0,97.07,2,-6,1.513427734375,0
0,-3.9698834599999913,0,0,56,5,21.0,20,37,2,0,68.38,0,-5,1.513427734375,1
0,4.650409719999999,0,0,33,4,18.0,20,15,1,1,66.11,2,-10,1.513427734375,0
1,5.21982336,1,0,29,3,18.0,30,10,1,0,52.84,3,-30,1.513427734375,0
0,5.325453879999998,1,0,30,2,19.0,8,9,2,0,50.92,3,-3,1.92919921875,0
0,2.832843480000008,1,0,50,3,19.0,30,32,2,0,89.7,1,0,1.92919921875,0
0,-6.122801150000001,1,0,56,1,18.0,15,40,2,0,53.75,4,5,1.856689453125,0
0,4.191377580000001,1,0,31,2,19.0,55,14,1,0,56.59,1,5,1.777587890625,0
0,3.060409719999996,0,0,47,2,19.0,20,27,0,1,67.7,2,-5,1.92919921875,0
1,-7.14522079999999,0,0,45,1,20.0,40,28,2,0,79.72,3,-40,1.803955078125,1
0,-1.025030049999998,1,0,63,2,13.0,10,39,0,0,62.26,4,0,1.92919921875,0
1,1.2498233600000006,1,0,48,3,19.0,20,32,0,0,56.81,2,-20,1.92919921875,0
1,16.673034230000013,1,0,35,3,19.0,20,17,1,1,64.52,3,-20,1.72900390625,0
0,-3.519399529999994,1,0,54,3,15.0,20,29,1,0,62.94,3,-10,1.665283203125,1
0,4.199441859999993,0,0,42,5,20.0,40,22,0,0,76.54,1,0,1.92919921875,0
0,3.06274105,0,0,34,3,19.0,50,17,2,0,71.78,2,10,1.81494140625,0
1,-3.966775019999986,0,0,40,2,18.0,20,25,1,0,73.82,2,-20,1.92919921875,1
0,-1.0220099299999958,0,0,48,3,19.0,30,32,1,1,96.73,2,-5,1.990966796875,1
0,-6.346965769999997,1,0,48,1,18.0,30,30,2,1,87.54,1,-10,1.665283203125,1
0,-7.253475829999992,1,0,46,3,20.0,40,19,2,1,71.21,1,0,1.92919921875,0
0,-6.007068199999999,1,0,56,2,19.0,30,36,1,1,69.51,4,-18,1.665283203125,0
0,2.1547792000000072,0,0,26,1,20.0,10,3,1,0,70.42,2,20,1.92919921875,1
1,-4.871335250000001,0,0,51,5,19.0,46,30,1,1,84.25,0,-46,1.828125,0
1,12.931098510000012,0,0,48,2,13.0,10,27,1,0,88.22,0,-10,1.828125,0
0,1.2467149200000025,1,0,29,5,20.0,8,9,1,1,51.37,3,-1,1.828125,0
1,4.080893650000007,0,0,50,5,19.0,20,32,1,2,61.69,2,-20,,0
1,5.326626600000012,0,0,45,1,20.0,26,26,2,1,76.32,0,-26,,0
0,16.10643585000001,1,0,39,3,19.0,20,19,1,0,76.88,1,0,2.02587890625,0
0,-5.217361379999993,1,0,35,5,20.0,50,17,1,1,62.37,0,0,2.02587890625,1
0,-14.28444368999999,0,0,52,5,22.0,35,7,0,1,88.22,0,-10,,1
0,-3.968329239999989,0,0,65,1,19.0,20,51,0,1,71.1,0,-11,,1
0,0.2307029000000113,0,0,26,5,22.0,15,7,1,0,76.88,0,5,1.828125,0
0,-0.2272589499999924,0,0,58,3,17.0,40,42,2,2,75.07,0,0,,1
1,9.070512150000011,0,0,28,5,21.0,20,10,1,1,79.38,1,-20,2.10302734375,0
0,4.53982336,1,0,44,3,20.0,20,22,2,2,53.52,3,0,,0
0,1.362154690000004,1,0,50,3,17.0,20,31,2,0,60.78,2,-2,1.647705078125,0
0,9.302066370000006,0,0,39,4,22.0,5,17,1,1,81.87,0,-1,1.828125,0
1,10.657403710000011,1,1,38,3,,6,20,1,1,72.35,2,-6,1.513427734375,0
0,1.588474000000005,1,0,54,3,20.0,40,40,2,2,89.13,2,0,1.828125,0
1,3.852931800000008,1,0,56,4,22.0,50,32,2,0,59.65,0,-50,1.828125,0
0,9.071773190000002,1,0,32,2,17.0,20,14,2,1,75.75,2,0,1.828125,0
0,7.148180820000007,0,0,33,3,14.0,30,18,1,1,77.22,1,5,1.828125,0
0,12.13604024,1,0,28,3,15.0,50,12,1,2,56.81,2,-20,1.828125,0
0,-7.59822681,1,0,28,2,18.0,40,14,1,1,92.42,3,20,1.828125,0
0,-7.826100339999996,1,0,58,2,14.0,11,28,2,1,61.35,1,-1,1.828125,0
0,5.329530179999999,1,0,26,2,12.0,15,8,0,0,46.38,2,5,1.828125,0
0,5.331480010000007,0,0,49,3,20.0,20,27,1,1,73.14,2,0,1.828125,0
0,0.4494418599999932,0,0,27,3,20.0,5,15,0,0,80.29,2,25,1.828125,0
0,5.441582440000005,0,0,31,3,19.0,12,10,0,0,90.72,2,18,1.828125,0
0,3.172741049999999,1,0,26,2,20.0,20,9,2,0,71.67,3,0,1.828125,0
0,3.853811340000007,0,0,46,4,22.0,30,32,0,0,78.7,0,0,1.775390625,0
0,5.781084400000005,1,0,27,3,20.0,10,5,1,1,48.65,2,10,1.79736328125,0
0,5.219148680000004,1,0,32,3,20.0,40,17,1,1,69.17,3,0,1.828125,0
0,2.493899660000004,1,0,58,3,19.0,4,35,1,0,51.03,2,-1,2.02587890625,0
0,-2.27221479,1,0,27,5,20.0,20,6,0,0,62.6,2,0,1.79736328125,0
0,2.950014109999998,1,0,25,2,19.0,20,5,0,0,43.77,3,10,1.828125,0
1,18.827301280000007,1,0,46,5,17.0,20,21,0,1,46.49,1,-20,1.828125,0
0,-3.062507969999998,0,0,45,3,20.0,20,26,1,0,57.04,0,0,1.828125,0
0,-10.76969271,1,0,48,3,22.0,20,28,2,1,63.84,2,0,1.828125,0
0,-3.968138489999994,1,0,47,3,20.0,10,21,1,1,59.76,2,-10,1.828125,0
1,1.58448602,1,0,32,2,18.0,4,14,1,1,64.64,2,-4,1.828125,0
0,-14.398813169999997,1,0,53,1,16.0,8,33,1,2,86.52,4,2,1.828125,0
0,-5.325997909999998,0,0,35,3,22.0,20,16,1,1,76.54,2,10,1.828125,0
1,10.091670760000008,1,0,29,2,12.0,20,10,1,0,57.04,2,-20,1.828125,0
0,9.076333420000012,1,0,43,2,19.0,20,27,0,0,66.22,2,-10,1.828125,0
1,13.720218970000005,0,0,41,5,20.0,20,22,1,2,68.38,2,-20,1.79736328125,0
0,12.817403710000008,1,0,54,2,18.0,20,40,1,0,70.19,3,-5,,1
0,9.296040240000004,0,0,56,3,18.0,50,39,0,0,59.65,0,-10,1.828125,1
1,-7.029678599999983,1,0,36,1,15.0,10,23,2,1,106.82,3,-10,1.828125,0
0,-0.7891063499999973,0,0,32,3,19.0,30,16,2,0,66.56,0,5,1.828125,0
1,-1.8191946700000017,0,0,62,1,18.0,20,51,1,1,96.62,3,-20,1.828125,0
0,2.495937810000008,1,0,28,3,17.0,25,10,2,1,48.76,3,10,1.828125,0
1,-0.682112360000005,0,0,38,3,18.0,20,18,1,1,78.7,0,-20,1.828125,0
0,-0.6837690099999989,1,0,34,2,19.0,20,22,0,1,58.29,2,0,1.828125,0
0,-5.674062189999994,1,0,64,5,20.0,18,48,1,1,56.93,0,12,1.85009765625,1
0,3.514295270000005,0,0,34,2,18.0,10,16,0,0,74.05,2,-6,1.828125,0
0,-1.472405539999997,1,1,53,3,20.0,20,33,1,1,73.14,0,10,1.81494140625,0
0,-7.367361379999991,0,0,68,1,16.0,20,54,2,1,64.52,0,0,,1
0,4.766714919999998,1,0,50,5,22.0,15,32,1,1,47.85,0,-9,1.81494140625,1
0,-2.4911445000000043,0,0,44,3,18.0,40,26,1,2,70.53,2,0,1.81494140625,0
0,1.6979759600000008,1,0,35,4,21.0,20,19,2,1,47.29,1,0,,0
0,20.52653828,0,0,34,2,19.0,40,18,2,2,90.15,3,20,1.81494140625,0
0,-0.7959095899999937,1,0,37,1,11.0,40,22,0,1,42.98,0,-10,1.940185546875,1
0,3.633224980000009,0,0,39,3,20.0,20,24,1,0,66.22,2,10,1.81494140625,0
1,16.898474000000007,0,0,33,3,,20,13,1,1,73.82,2,-20,1.460693359375,0
0,0.452345440000002,1,0,30,1,14.0,12,13,1,1,50.35,3,8,1.739990234375,0
1,6.689823360000005,1,0,33,5,20.0,10,11,1,1,51.37,2,-10,1.81494140625,0
1,6.460996080000001,1,0,31,3,14.0,1,6,1,1,77.0,0,-1,1.81494140625,0
0,4.310116540000003,1,0,40,3,20.0,25,21,0,0,60.1,3,5,1.81494140625,0
1,0.4536064800000048,1,0,53,2,18.0,20,23,1,1,46.72,2,-20,1.81494140625,1
0,5.4418615100000025,1,0,31,4,20.0,15,14,0,0,50.35,0,5,1.81494140625,0
0,10.315263129999998,0,0,25,3,,20,8,0,0,57.27,2,20,1.940185546875,0
0,3.406040239999996,1,0,52,3,20.0,5,32,1,0,65.54,3,0,1.81494140625,0
0,-17.807742879999992,0,0,48,3,19.0,5,32,1,1,97.64,2,5,1.81494140625,0
0,-1.36454612,0,0,43,3,19.0,60,23,2,0,57.61,0,-40,1.81494140625,0
0,-0.795411549999983,0,0,43,3,21.0,12,23,2,1,84.71,4,8,1.81494140625,0
1,2.8309960800000056,0,0,27,3,19.0,20,11,1,0,80.63,2,-20,1.460693359375,0
0,4.191670760000008,1,0,27,3,16.0,30,10,0,1,62.94,2,0,2.10302734375,0
0,1.3567149200000015,1,0,39,3,20.0,15,21,0,0,51.26,2,-5,2.10302734375,0
0,6.351084400000005,1,0,40,3,16.0,20,24,1,0,48.08,3,0,2.10302734375,0
1,13.267887639999998,1,0,47,3,20.0,15,29,1,1,64.75,2,-15,2.02587890625,0
1,8.054779200000013,1,0,45,4,19.0,10,25,2,0,64.52,4,-10,2.10302734375,0
0,13.60788764,1,0,28,2,19.0,15,3,1,0,64.41,2,25,2.10302734375,0
0,-7.825997909999998,1,0,70,5,18.0,30,40,2,1,79.04,0,-10,1.81494140625,0
0,4.532931800000007,1,0,25,2,12.0,10,7,1,1,58.97,2,30,1.828125,0
0,2.0366266000000053,0,0,41,2,19.0,20,23,1,1,79.61,0,10,,0
0,5.212447870000005,1,0,45,3,19.0,1,15,2,2,63.28,2,-1,1.643310546875,0
0,4.312931800000008,1,0,25,2,20.0,50,14,0,0,59.19,0,10,2.10302734375,0
0,3.51837157,1,0,54,3,18.0,30,37,1,1,69.51,4,-10,2.10302734375,0
1,-9.8670682,1,0,50,1,19.0,10,4,0,0,73.37,2,-10,,0
0,2.272931800000009,1,0,27,3,19.0,20,9,2,1,61.23,2,0,2.10302734375,0
0,-8.508622420000002,0,0,26,2,20.0,30,13,0,0,69.29,0,-10,1.773193359375,0
1,-1.5868774499999958,0,0,54,3,,15,32,2,2,53.75,0,-15,2.10302734375,0
0,-4.532214789999998,1,0,57,3,20.0,10,38,2,0,64.86,2,0,2.10302734375,1
1,0.002931800000006,1,0,61,1,19.0,10,41,1,0,63.5,0,-10,1.828125,0
0,-2.038915599999996,1,0,28,3,18.0,16,11,0,0,56.47,3,4,,0
0,1.1365241700000013,0,0,41,3,19.0,40,23,0,0,62.82,2,0,1.847900390625,0
1,-0.2236665799999855,0,0,25,5,18.0,4,8,0,0,75.52,0,-4,1.92041015625,0
0,10.432741050000004,1,0,25,3,19.0,15,7,1,1,64.41,2,-5,2.02392578125,0
1,-16.780953750000002,1,0,61,2,14.0,10,44,2,2,73.48,3,-10,1.92041015625,1
0,-10.549399529999995,0,0,70,1,16.0,30,56,2,1,69.97,3,-10,1.460693359375,1
0,11.34051215000001,0,0,37,2,18.0,22,17,2,0,77.11,3,-12,1.847900390625,0
1,7.706729030000005,0,0,28,3,19.0,20,10,1,0,91.63,1,-20,2.02392578125,0
0,10.65662660000001,0,0,41,2,16.0,45,29,1,1,70.99,1,5,1.92919921875,0
1,11.003239090000008,1,0,31,3,17.0,20,13,2,2,105.57,3,-20,1.665283203125,0
0,22.33672903,1,0,47,3,19.0,20,27,1,1,77.0,2,0,1.513427734375,1
1,1.2431225500000025,1,0,45,2,18.0,4,29,2,1,50.92,4,-4,1.92919921875,0
0,4.650409719999999,1,0,58,2,18.0,10,40,2,0,66.11,2,5,2.02392578125,1
0,3.0649699499999983,1,0,34,3,18.0,15,4,1,0,58.17,2,5,2.02392578125,0
0,5.784779200000003,0,0,30,2,14.0,30,18,1,0,66.79,5,10,1.777587890625,0
1,32.77460256000002,0,0,40,5,20.0,20,17,1,1,97.86,2,-20,2.02392578125,0
0,-6.007449699999995,0,0,37,5,19.0,30,16,1,1,92.19,0,0,1.92919921875,0
1,14.516817350000004,1,0,32,3,18.0,16,13,0,0,55.79,2,-16,2.02392578125,0
1,0.9086647499999998,0,0,55,3,21.0,15,33,0,1,78.47,3,-15,1.7333984375,1
0,3.05826914,1,0,34,3,19.0,20,10,1,0,52.28,2,0,2.02392578125,0
1,3.8507029000000017,0,0,37,3,18.0,30,20,1,1,73.26,5,-30,1.92041015625,0
0,-1.252112359999998,0,0,43,3,14.0,30,28,1,0,79.27,0,-10,1.713623046875,0
0,-15.192200679999983,1,0,39,3,13.0,20,22,2,1,122.24,4,0,2.02392578125,1
0,11.680321400000013,0,0,53,2,19.0,20,37,2,0,88.11,1,0,2.02392578125,0
0,4.6536064800000005,1,0,34,4,12.0,10,24,2,0,42.52,4,-5,1.773193359375,0
0,-8.613182649999999,1,0,55,2,11.0,10,35,1,1,78.92,4,-3,1.84130859375,0
0,2.7265241700000047,1,0,66,3,16.0,20,31,1,0,61.23,2,-5,1.847900390625,0
0,-1.3609537500000002,1,0,46,2,17.0,40,27,1,0,58.06,0,-25,1.665283203125,0
0,1.1298233600000032,1,0,26,3,18.0,20,9,1,0,56.93,2,10,2.02392578125,0
0,-1.9241505099999896,0,0,49,1,18.0,10,27,1,1,82.21,0,-4,2.02392578125,0
1,10.998664750000003,0,0,51,4,18.0,20,31,2,0,68.38,0,-20,2.02392578125,1
0,7.262550300000001,0,0,62,1,13.0,20,49,1,1,78.92,1,0,1.92919921875,1
1,2.0387530699999985,1,0,54,3,13.0,20,35,0,0,48.31,3,-20,2.02392578125,0
1,4.993224980000008,1,0,49,3,19.0,10,20,1,1,64.86,2,-10,1.951171875,0
1,4.539735040000011,0,0,47,3,19.0,30,31,1,1,82.55,0,-30,1.951171875,1
0,-10.20822681,1,0,47,3,22.0,20,28,1,1,95.03,1,0,1.951171875,0
1,3.291861510000004,1,0,30,4,20.0,10,10,0,0,52.5,0,-10,1.951171875,0
0,3.28953018,1,0,25,5,18.0,40,7,1,0,48.42,1,-10,1.828125,0
1,-2.3862910900000003,0,0,61,1,14.0,2,41,1,1,67.25,2,-2,,1
0,-3.6261003399999936,1,0,48,3,21.0,20,26,2,1,57.15,3,0,1.951171875,0
1,5.441377580000001,1,0,30,5,20.0,20,9,2,1,55.34,0,-20,1.828125,0
0,0.4552631300000058,1,0,51,5,19.0,20,30,1,0,67.13,2,10,1.951171875,0
0,6.688855499999995,1,0,59,5,19.0,20,37,1,1,61.35,0,0,2.10302734375,0
0,5.667785210000005,1,0,29,3,21.0,10,11,1,1,54.66,3,0,1.951171875,0
0,-13.835616409999991,1,0,46,3,19.0,3,25,0,0,62.37,0,7,1.951171875,0
0,20.97536556,0,0,54,2,16.0,30,38,0,1,64.3,3,0,1.951171875,0
1,6.241377580000005,1,0,42,3,18.0,20,24,1,1,54.54,0,-20,1.951171875,0
0,2.4898233600000026,1,0,34,3,20.0,3,16,1,1,55.57,2,12,1.951171875,0
1,2.9505121500000087,0,0,28,5,19.0,5,10,1,1,85.5,2,-5,1.951171875,0
0,0.0049699500000031,1,0,35,3,22.0,20,17,1,1,61.23,0,10,1.951171875,0
0,-0.1092087799999959,1,0,30,3,21.0,30,17,1,1,48.19,1,-5,1.777587890625,0
0,-6.916775019999989,0,0,63,2,11.0,20,43,2,2,76.77,2,10,1.951171875,1
0,-2.947258950000005,0,0,52,2,19.0,20,40,1,0,77.79,0,0,1.665283203125,0
0,-2.9516284299999995,1,1,26,2,16.0,20,12,2,2,75.98,2,0,1.460693359375,0
0,-1.2495902800000067,0,0,28,4,19.0,20,8,1,0,72.01,0,-14,1.665283203125,0
0,-0.116965769999993,0,0,46,3,20.0,20,30,1,1,81.31,2,10,1.665283203125,0
1,10.660702900000004,0,0,53,5,22.0,30,33,1,1,66.45,2,-30,1.665283203125,0
0,-7.369883459999997,1,0,27,4,18.0,20,9,2,1,71.78,2,0,1.665283203125,0
0,1.3629318000000057,1,1,54,2,12.0,20,39,2,1,62.14,0,0,1.665283203125,0
0,-0.9067750199999978,0,0,47,4,19.0,30,31,1,0,70.76,3,10,1.940185546875,0
0,9.524104520000009,1,0,36,2,13.0,20,21,1,1,79.38,3,0,1.665283203125,1
1,3.510893650000007,1,0,37,3,20.0,20,20,2,1,62.26,2,-20,1.665283203125,0
0,-0.0006605699999937542,1,0,41,3,18.0,15,23,1,1,63.05,3,5,1.665283203125,0
0,-14.85570473,0,0,48,5,22.0,25,33,1,1,92.42,0,-5,1.79736328125,0
0,2.15633342000001,0,0,33,5,19.0,6,8,0,0,73.14,3,0,1.665283203125,0
0,-5.670074209999996,0,0,31,2,21.0,4,15,1,1,81.42,0,1,1.665283203125,0
0,-3.858710739999992,0,0,28,5,22.0,30,8,1,1,93.67,1,10,1.777587890625,0
0,0.1171105299999908,0,0,26,5,,10,4,1,0,76.54,0,10,1.665283203125,0
1,1.1338996600000044,1,0,31,5,19.0,10,15,1,0,52.39,3,-10,1.713623046875,0
0,3.289046250000005,1,0,27,5,21.0,10,9,2,1,53.41,2,-3,1.665283203125,0
0,7.8285764300000125,0,0,28,4,19.0,30,10,0,0,100.58,2,0,2.02587890625,0
0,4.762550300000001,0,0,38,3,20.0,30,16,1,1,81.42,0,-27,2.02587890625,0
0,4.652447870000003,1,0,46,3,20.0,20,27,1,0,63.84,3,0,2.02587890625,0
1,14.51177319,0,0,32,4,18.0,20,12,0,1,70.31,1,-20,1.828125,0
1,1.5890462500000029,1,0,50,3,22.0,4,28,1,1,55.11,2,-4,1.775390625,0
0,7.594779200000005,0,0,31,5,20.0,40,14,1,1,64.98,0,-5,2.02587890625,0
0,0.2223595500000073,0,0,51,3,22.0,30,34,0,0,97.3,2,-5,2.02587890625,1
0,-1.7049276199999923,1,1,46,3,16.0,20,33,1,1,80.63,2,20,1.451904296875,0
1,-9.638036060000005,0,0,48,5,21.0,40,30,1,1,83.12,2,-40,2.02587890625,0
0,10.77400209000001,1,0,41,2,22.0,20,25,2,2,60.44,2,-10,2.02587890625,0
0,10.550702900000005,0,0,35,1,19.0,60,20,2,0,66.56,1,-10,2.02587890625,0
0,20.18818082,1,0,30,3,19.0,30,15,2,1,64.18,1,10,1.828125,0
1,-1.0208513199999911,0,0,50,3,19.0,35,28,2,1,75.41,0,-35,,0
1,-4.1913352499999945,1,0,45,3,14.0,2,27,2,1,83.57,1,-2,1.69384765625,0
1,2.612931800000005,1,0,28,2,19.0,20,10,1,1,60.89,3,-20,1.6455078125,1
0,6.23322498000001,1,0,53,4,18.0,20,40,2,0,63.62,3,0,1.828125,0
0,3.85953018,1,0,42,2,21.0,20,20,1,0,47.85,2,0,1.69384765625,0
0,7.03234544,1,1,41,2,11.0,20,25,2,2,43.77,0,0,1.6455078125,1
0,3.0613775800000056,1,0,57,3,19.0,20,29,2,2,57.72,1,0,1.79736328125,1
0,-14.51532323,1,0,31,3,19.0,20,13,1,1,69.4,3,0,1.6455078125,0
1,3.514969950000001,0,0,25,4,19.0,30,9,0,1,57.72,1,-30,1.84130859375,0
0,1.1303072900000046,1,1,37,4,21.0,20,19,1,0,51.94,1,-8,1.69384765625,0
0,0.1093394300000056,0,0,32,3,19.0,50,17,2,1,62.94,3,-10,1.777587890625,0
1,1.8115824400000091,0,0,54,1,17.0,20,44,1,1,94.35,0,-20,1.6455078125,0
0,2.836230989999997,1,0,26,3,20.0,30,9,2,1,54.77,2,-10,1.6455078125,0
0,-2.8314376799999934,1,1,51,3,19.0,5,31,2,1,64.52,2,2,1.69384765625,0
0,0.9088555000000014,1,0,42,3,22.0,50,19,2,1,67.13,1,-10,1.6455078125,0
0,-7.256100339999996,1,1,47,3,19.0,20,29,2,1,60.78,2,5,1.69384765625,1
1,1.591861510000001,1,0,26,3,20.0,30,9,1,2,54.2,3,-30,1.69384765625,0
0,-11.221921609999995,1,0,35,3,19.0,5,15,2,1,77.9,3,7,1.6455078125,0
0,4.760893650000007,0,1,62,4,19.0,10,46,0,0,61.01,1,10,1.69384765625,1
0,5.218371570000002,1,1,49,3,12.0,10,31,2,1,67.81,3,10,1.803955078125,0
1,0.5644860200000039,0,0,26,3,19.0,15,15,0,0,65.66,1,-15,1.69384765625,0
0,8.047403710000012,0,0,49,4,21.0,30,30,1,1,74.96,2,0,1.6455078125,0
0,11.11711052999999,1,0,41,2,15.0,3,6,2,1,65.54,4,1,1.803955078125,0
1,-2.039399529999997,1,0,39,3,18.0,20,18,1,1,61.46,2,-20,1.6455078125,0
1,3.85477920000001,1,0,54,1,,10,36,2,0,68.72,4,-10,1.803955078125,0
0,-1.2514376799999951,1,0,42,4,22.0,30,6,2,0,62.94,0,-10,1.84130859375,0
0,14.969148680000004,1,0,50,1,15.0,40,30,1,0,59.42,3,-20,1.69384765625,0
1,3.292931800000005,1,0,25,5,19.0,15,7,1,1,60.21,2,-15,1.6455078125,0
0,6.236524170000003,1,0,40,2,13.0,20,25,2,2,57.72,3,0,1.6455078125,0
0,7.596817350000002,0,0,48,3,18.0,20,31,1,1,62.71,3,0,1.6455078125,1
0,4.08060047,1,0,29,2,19.0,20,17,2,1,55.34,1,20,1.86767578125,0
0,0.6826386200000059,1,0,65,5,19.0,20,48,2,1,56.47,0,0,1.6455078125,0
0,10.202447870000007,0,1,44,5,22.0,15,22,2,0,58.29,2,-3,1.803955078125,0
0,-11.00095375,1,0,48,4,18.0,15,28,1,0,67.7,2,5,1.6455078125,1
0,-4.874252939999998,1,1,69,1,19.0,4,39,2,0,67.47,0,-2,1.775390625,0
1,23.13807839000001,1,0,29,3,15.0,20,12,1,0,43.54,2,-20,1.6455078125,0
0,-0.1174496999999945,1,0,28,4,19.0,30,12,2,1,86.3,2,0,1.6455078125,0
0,-6.34881317,0,0,50,3,20.0,40,35,2,1,78.47,1,10,1.69384765625,1
0,7.712741050000005,1,0,43,3,15.0,20,25,2,1,67.13,5,5,1.739990234375,0
0,15.310512150000008,1,0,45,1,14.0,5,17,2,0,73.14,5,0,1.739990234375,0
1,15.985467990000004,1,0,56,2,19.0,20,36,2,0,86.98,4,-20,1.739990234375,0
0,-5.557449699999992,0,0,40,2,16.0,15,25,0,1,91.74,4,0,1.739990234375,0
0,-25.970558139999994,1,0,50,1,15.0,20,40,2,2,106.71,5,0,1.460693359375,0
1,9.75351816,0,0,58,1,12.0,5,41,1,2,66.45,3,-5,1.739990234375,1
0,-7.027068199999995,1,0,42,1,19.0,20,31,2,1,70.53,3,0,1.739990234375,0
0,-3.4061003399999947,0,1,72,1,12.0,10,52,2,2,56.93,2,-5,1.739990234375,1
1,-4.418622419999998,1,0,51,1,13.0,15,39,2,2,65.2,4,-15,1.739990234375,0
0,4.418855499999999,0,0,45,1,17.0,40,27,0,0,63.62,3,0,1.739990234375,0
0,0.338855499999994,1,0,41,1,15.0,30,15,2,1,67.7,4,10,1.940185546875,0
0,2.8308936500000077,0,0,55,1,14.0,20,38,1,0,62.94,3,0,1.739990234375,1
0,11.90779932000001,0,0,33,1,15.0,30,19,2,0,95.14,2,10,1.739990234375,0
0,-10.3192971,0,1,38,5,20.0,10,12,2,1,87.43,3,10,1.739990234375,0
0,-1.809883459999995,0,0,30,3,20.0,30,10,0,1,66.22,1,5,1.79736328125,0
0,3.85885549999999,0,0,25,1,16.0,12,10,1,0,64.18,2,3,1.739990234375,0
1,10.661289260000004,0,0,62,1,16.0,40,55,1,1,79.15,1,-40,1.739990234375,1
0,-7.9399858899999955,1,0,53,5,22.0,30,29,2,0,54.66,3,-10,1.739990234375,0
0,1.4708936500000078,0,1,27,3,19.0,10,10,0,0,64.3,2,15,1.739990234375,0
0,-0.4583292399999976,0,0,35,1,16.0,20,18,2,1,67.59,1,5,1.739990234375,0
0,6.124104520000003,0,0,27,3,20.0,40,9,2,0,82.78,3,0,1.513427734375,0
0,-0.6784316699999948,0,0,59,1,16.0,20,46,0,1,50.12,4,0,1.739990234375,1
0,-1.932112360000005,0,0,31,4,17.0,40,15,1,1,79.95,1,-10,1.739990234375,0
0,0.230996079999997,1,0,26,3,11.0,10,20,2,2,83.23,2,-3,1.739990234375,0
0,12.817696889999992,0,0,35,1,13.0,35,20,0,0,76.54,2,-15,1.739990234375,1
0,-0.0014376799999951,0,0,61,1,13.0,3,21,1,1,61.69,3,-1,1.739990234375,0
1,-8.048519989999988,0,0,72,1,12.0,5,58,1,1,86.52,1,-5,1.85009765625,1
0,4.538283250000006,0,0,50,3,18.0,40,35,1,0,97.52,3,10,1.85009765625,0
1,10.996054350000009,1,0,49,3,14.0,20,33,2,2,104.67,4,-20,1.85009765625,0
0,-2.0401766399999985,1,0,67,2,12.0,14,38,1,1,60.1,4,-2,1.775390625,0
1,3.2907029000000136,0,0,50,2,18.0,40,29,2,2,73.82,1,-40,1.72900390625,1
1,29.25206637000001,0,0,52,1,,35,37,2,0,61.92,4,-35,1.85009765625,0
1,6.914016200000006,1,1,45,2,19.0,5,15,0,1,111.02,4,-5,1.85009765625,0
0,1.1311868300000043,1,0,58,2,12.0,30,30,2,2,70.99,3,-10,1.85009765625,1
0,13.943136660000008,1,0,50,1,18.0,40,31,1,1,84.94,4,-10,1.856689453125,0
0,-2.610176639999999,1,0,57,3,21.0,10,39,2,1,60.67,3,0,1.85009765625,1
1,19.391303370000017,1,0,42,5,19.0,20,21,2,1,117.14,1,-20,1.85009765625,0
0,2.0394418599999966,0,0,40,3,19.0,15,26,2,0,78.7,4,5,1.85009765625,0
0,-1.3629918999999973,1,0,45,2,14.0,20,29,2,0,60.33,4,0,1.85009765625,1
0,-6.572991900000005,0,0,25,1,18.0,20,10,2,1,65.54,2,5,1.85009765625,0
1,2.718855500000004,0,0,53,3,19.0,40,32,1,0,65.32,3,-40,1.85009765625,0
0,-1.3604698199999987,1,0,51,1,13.0,40,31,0,0,53.07,2,0,1.85009765625,1
0,0.5685623200000052,1,0,34,4,19.0,20,16,1,1,61.12,2,0,,0
1,12.591670760000008,0,0,26,2,20.0,15,11,2,2,54.54,2,-15,1.5927734375,0
0,-7.255220799999989,1,0,51,4,22.0,20,31,2,1,79.83,1,0,1.665283203125,0
0,4.304881630000011,1,0,55,3,21.0,10,35,1,1,85.96,3,0,1.5927734375,0
0,-10.65706819999999,1,0,32,3,20.0,25,14,1,0,74.16,2,5,1.5927734375,0
0,3.855747059999999,1,0,34,3,18.0,20,19,0,0,58.74,1,10,1.5927734375,0
1,-4.425132479999995,0,0,59,1,17.0,40,45,0,1,47.97,2,-40,1.5927734375,1
0,-4.191321139999985,0,0,26,4,19.0,20,8,1,1,130.29,1,10,1.828125,0
0,11.116729030000002,0,0,29,5,21.0,30,11,2,0,88.22,1,0,1.5927734375,0
0,3.0577852099999987,1,0,34,3,19.0,30,13,1,1,57.27,3,-5,1.990966796875,0
0,9.978180820000006,0,0,48,2,19.0,20,30,2,0,74.39,4,0,1.5927734375,0
0,-1.131628429999992,0,0,26,3,19.0,30,7,1,1,74.16,2,0,1.5927734375,0
0,-9.415030050000006,1,0,37,3,16.0,20,16,2,1,70.65,3,-2,1.5927734375,0
1,4.653708909999999,1,0,40,3,18.0,15,20,1,1,60.21,2,-15,1.5927734375,0
0,5.445556310000015,0,1,35,2,17.0,10,18,0,0,68.49,2,10,1.5927734375,0
0,-12.585807159999987,1,1,50,1,16.0,18,37,2,1,72.46,2,-8,1.5927734375,0
0,8.051670760000007,0,0,37,3,19.0,40,24,0,0,59.08,0,0,1.5927734375,0
0,-1.1367750199999875,1,0,48,5,21.0,20,13,1,1,70.99,4,-5,1.5927734375,0
0,-3.286584269999992,1,0,40,3,19.0,20,19,1,1,61.8,1,10,1.5927734375,0
0,6.572447870000005,0,0,65,1,19.0,20,50,1,1,61.92,4,-10,1.5927734375,1
0,8.849735040000013,1,1,33,3,20.0,2,14,1,1,78.24,3,0,1.5927734375,0
1,1.816817350000008,1,1,38,1,13.0,5,22,2,1,68.49,4,-5,1.735595703125,0
0,1.812154690000007,0,1,43,2,19.0,7,28,1,1,60.33,2,3,1.5927734375,0
1,16.671963939999998,0,1,27,2,17.0,2,12,2,0,56.81,0,-2,,0
1,-4.6496927099999965,1,0,48,5,15.0,6,10,2,2,57.72,1,-6,2.0478515625,1
0,7.595160700000008,1,1,37,3,20.0,10,14,2,1,42.3,2,-5,1.85009765625,0
0,-4.648226809999997,1,0,41,4,19.0,13,16,2,0,89.47,3,7,1.92919921875,0
0,0.7914800100000008,0,0,26,3,19.0,10,9,0,1,77.68,0,0,1.85009765625,0
1,14.738869610000007,0,0,53,3,21.0,30,32,2,2,100.02,0,-30,1.86767578125,0
0,5.1019639400000045,0,0,36,3,21.0,9,30,0,0,68.38,0,1,1.847900390625,0
0,-2.270264959999992,0,0,47,4,21.0,25,29,2,0,89.36,0,5,1.86767578125,0
0,12.812257120000012,1,0,30,2,,9,17,0,0,67.02,3,-3,1.940185546875,0
0,13.490321400000012,1,0,28,3,19.0,20,6,1,1,86.3,3,10,1.86767578125,0
0,2.834104520000011,0,0,34,5,20.0,20,16,2,2,86.07,2,5,1.86767578125,0
1,6.91750614,0,1,35,3,19.0,11,16,0,0,93.78,1,-11,1.775390625,0
0,4.654002090000006,0,0,25,5,18.0,20,5,1,2,66.56,0,-5,1.86767578125,0
1,7.375747060000002,1,0,30,2,19.0,20,14,2,0,55.22,3,-20,1.713623046875,0
0,9.640600470000004,1,0,34,4,19.0,25,14,0,0,49.78,2,-5,1.845703125,0
0,7.139339430000007,1,0,50,5,20.0,15,32,1,0,55.91,0,5,1.803955078125,0
0,36.96925111,1,0,32,4,18.0,30,16,1,1,55.11,2,10,1.735595703125,0
0,5.551773190000006,0,1,53,3,19.0,50,32,0,0,79.27,0,-30,1.85009765625,0
1,-6.921628429999998,0,0,56,1,19.0,15,40,1,0,79.95,0,-15,1.81494140625,1
0,10.542257120000002,0,1,29,4,19.0,8,9,1,1,69.29,1,-2,,0
0,-3.631921609999992,1,0,60,3,20.0,20,40,2,1,70.31,3,0,1.72900390625,0
1,10.314588450000016,0,0,61,2,16.0,40,44,1,2,73.6,4,-40,1.739990234375,0
0,6.008855499999996,0,1,25,3,17.0,25,6,0,0,62.03,2,-10,1.856689453125,0
0,1.1362309900000014,1,0,30,4,19.0,15,7,1,1,56.47,0,15,2.0478515625,0
0,6.468269140000004,0,1,50,1,13.0,40,41,1,1,48.87,0,-20,1.735595703125,0
0,5.329148680000003,0,0,53,3,20.0,20,34,2,0,69.06,2,0,1.856689453125,0
0,6.577301280000008,1,1,33,4,21.0,10,13,1,0,58.74,3,0,1.856689453125,0
0,0.9026386200000048,1,0,47,3,21.0,40,27,2,1,56.25,3,0,1.856689453125,0
0,1.816524170000001,0,0,25,1,19.0,20,1,0,0,62.14,2,0,1.856689453125,0
0,2.268269140000001,1,1,36,1,15.0,12,20,1,1,53.07,2,-7,1.856689453125,0
0,-3.177068200000001,0,1,55,3,20.0,20,43,1,0,66.68,2,0,1.856689453125,0
0,6.232359549999998,0,0,28,4,21.0,50,15,2,1,91.29,1,-10,1.856689453125,0
0,7.02604024,1,1,36,2,15.0,10,15,2,2,61.92,2,-5,1.856689453125,0
1,3.8566265999999993,1,0,32,2,15.0,10,15,2,0,77.79,2,-10,1.856689453125,0
0,12.023224980000007,1,1,30,3,14.0,5,5,1,1,57.83,2,3,1.856689453125,0
0,-6.235030049999999,0,1,26,5,18.0,10,10,1,0,67.47,1,-5,1.856689453125,0
0,4.537594460000008,0,1,28,3,15.0,20,11,2,0,67.13,2,0,1.856689453125,0
0,-2.7253232299999937,1,0,31,3,19.0,20,13,1,0,57.61,1,0,1.856689453125,0
0,-3.4054115499999824,0,1,62,5,19.0,2,23,0,1,87.32,0,-2,1.856689453125,0
1,-1.021716749999996,0,0,42,5,21.0,20,27,1,0,103.08,3,-20,1.856689453125,0
0,2.2713775800000064,0,0,38,3,19.0,20,21,1,1,58.51,4,0,1.7509765625,0
0,-2.7245461199999994,1,0,64,3,13.0,20,43,2,2,58.97,0,-5,1.86767578125,1
0,3.0571105300000028,0,0,66,3,17.0,40,48,2,1,73.6,4,-10,1.85009765625,1
0,8.047696889999997,0,0,46,4,19.0,20,27,1,0,81.31,2,0,1.92919921875,0
0,5.672741049999999,0,0,49,1,19.0,20,26,1,1,69.17,0,0,1.86767578125,0
1,6.124397700000003,0,0,35,3,19.0,20,15,1,1,89.13,0,-20,1.86767578125,0
0,8.620893650000006,1,0,31,2,12.0,20,17,0,1,57.15,2,-10,1.86767578125,0
1,1.92410452,0,0,43,4,20.0,10,29,1,1,86.98,0,-10,1.79736328125,0
0,9.295365559999992,0,0,38,1,20.0,20,21,1,2,75.98,0,-12,1.713623046875,0
0,-3.971921609999995,1,0,72,3,16.0,8,27,1,1,70.65,0,12,1.86767578125,0
0,2.0416707600000024,1,0,41,3,20.0,40,27,1,1,65.09,0,-10,1.86767578125,0
0,2.836230989999997,1,0,28,2,19.0,20,12,1,0,54.77,0,20,1.86767578125,0
0,-7.253285079999998,1,0,47,3,21.0,40,25,0,0,59.87,1,0,1.86767578125,0
0,7.367785210000001,1,0,26,4,13.0,10,4,0,0,52.96,3,10,2.0478515625,0
0,-6.573182649999993,0,0,34,5,20.0,20,16,2,0,76.88,0,20,1.803955078125,0
0,5.333518159999997,1,0,31,3,20.0,10,13,1,1,70.87,3,5,1.612548828125,0
0,8.842447870000008,1,0,43,3,20.0,7,25,2,1,59.65,0,-1,1.85009765625,0
1,5.214676770000004,1,0,27,4,21.0,15,7,0,0,49.67,1,-15,1.86767578125,0
1,-4.312684609999991,0,0,36,3,21.0,30,16,1,0,116.35,2,-30,1.86767578125,0
0,-0.229781029999998,0,0,49,3,20.0,25,31,1,1,82.33,2,-5,1.86767578125,0
0,-10.995132479999995,1,0,69,2,20.0,20,24,0,0,54.54,3,40,1.6982421875,0
0,4.535453879999999,1,0,31,4,20.0,20,12,1,1,51.71,1,-5,1.803955078125,0
0,4.645365560000002,0,0,55,3,21.0,30,36,1,1,80.63,2,10,1.777587890625,0
0,1.1385623200000057,1,0,28,4,22.0,10,9,1,1,60.55,0,20,1.86767578125,0
1,5.103327410000006,0,0,62,3,19.0,15,47,1,1,82.44,0,-15,1.81494140625,0
0,-0.5645461200000028,1,0,52,2,19.0,20,37,1,1,56.81,4,-10,,0
0,11.228371570000007,1,0,30,4,18.0,20,16,2,2,61.8,1,20,1.561767578125,0
0,10.201377580000006,1,0,52,2,18.0,20,34,2,1,50.58,2,0,1.79736328125,0
0,10.206524170000002,1,0,42,2,20.0,20,21,1,0,53.75,3,0,1.990966796875,0
0,-3.966775019999986,1,0,48,2,,1,23,1,0,73.82,4,1,1.990966796875,0
0,16.553429839999993,0,0,39,1,19.0,20,26,2,0,88.68,2,10,1.990966796875,0
0,10.20963261,0,0,26,3,19.0,20,13,0,1,59.19,0,20,1.81494140625,0
1,2.832154690000003,1,0,60,2,16.0,10,30,2,1,59.31,4,-10,1.6455078125,0
1,-13.379883460000002,0,1,72,1,13.0,4,60,2,1,77.79,4,-4,1.990966796875,1
0,6.009046250000004,1,0,41,2,15.0,45,29,2,2,50.69,3,-25,1.451904296875,0
0,0.3422571200000135,0,0,49,2,17.0,20,29,1,0,79.49,0,0,1.990966796875,0
1,14.29118683,0,0,34,3,19.0,40,13,2,2,57.83,0,-40,,0
1,3.1749699499999977,1,0,54,1,17.0,9,37,2,1,58.06,4,-9,1.739990234375,0
1,0.5684739999999948,1,1,45,2,15.0,5,20,2,1,90.15,4,-5,1.735595703125,1
0,1.478957930000007,0,1,55,2,17.0,10,37,0,1,84.25,1,0,1.735595703125,0
0,4.420600470000004,1,0,42,3,20.0,10,17,1,0,55.0,0,2,1.951171875,0
0,8.962931800000007,1,0,53,3,13.0,10,28,1,1,54.54,3,10,1.81494140625,0
0,-3.965220799999997,0,0,41,3,19.0,20,23,1,0,76.54,0,0,1.460693359375,0
0,11.003811340000013,1,0,50,2,20.0,4,32,1,1,71.55,2,-2,1.5927734375,0
0,5.668957930000005,0,0,61,3,17.0,20,42,1,1,80.06,2,0,1.777587890625,1
0,2.722741049999996,0,0,48,2,19.0,30,32,2,0,72.12,0,50,1.828125,0
0,-7.483475829999996,0,0,66,5,16.0,25,48,1,2,71.44,0,5,1.665283203125,1
0,11.344779200000012,0,0,42,3,21.0,20,25,0,0,61.23,4,0,1.72900390625,1
0,-5.1010561800000005,1,0,27,3,19.0,10,9,0,0,44.11,2,10,,1
0,-0.4566725899999966,0,1,44,1,18.0,3,30,0,2,88.0,2,17,1.990966796875,0
0,6.348078390000012,0,0,48,1,14.0,25,31,2,1,60.33,1,-5,1.990966796875,1
0,-7.824546119999994,1,0,39,3,19.0,20,22,1,1,64.07,3,10,1.940185546875,0
0,2.8313775800000016,1,0,57,3,20.0,40,45,1,2,57.95,0,-20,1.513427734375,0
0,3.968855500000004,1,0,49,3,16.0,20,22,1,1,64.07,4,0,1.940185546875,0
1,2.1580783900000142,0,0,55,1,12.0,24,38,0,1,64.52,0,-24,2.02587890625,0
1,9.411963940000009,1,0,33,5,22.0,10,15,1,0,64.07,2,-10,1.451904296875,0
1,-1.926481839999994,0,0,66,2,18.0,30,48,1,2,78.13,0,-30,1.84130859375,1
0,0.2308936499999987,0,0,56,3,19.0,40,38,1,1,65.54,0,0,1.847900390625,0
0,2.151084400000002,1,0,38,5,20.0,10,19,1,1,52.28,0,3,1.81494140625,0
0,-3.858329239999989,0,0,53,5,21.0,1,32,1,1,70.99,2,9,1.92041015625,0
0,10.662359550000003,1,0,46,4,21.0,15,31,2,1,86.86,2,-5,1.86767578125,0
0,2.272638620000002,1,1,46,3,20.0,20,28,1,2,54.88,3,0,1.85009765625,0
0,-1.4780360599999938,0,0,70,3,18.0,20,58,2,0,74.96,4,-5,1.69384765625,1
1,7.488371569999998,1,0,41,2,19.0,20,24,2,1,65.54,3,-20,1.713623046875,0
0,1.811861510000007,1,0,56,3,18.0,20,38,2,2,53.98,3,-5,2.02392578125,0
0,-2.262991899999996,0,0,35,5,17.0,20,18,0,1,61.23,0,0,1.86767578125,0
0,11.684969950000005,1,0,28,3,20.0,6,10,0,0,49.55,3,3,1.86767578125,0
0,-13.381335250000006,0,1,66,1,13.0,4,51,2,1,92.76,2,-4,1.775390625,1
0,-4.08473687,0,0,61,2,21.0,40,45,2,1,71.67,0,-20,1.940185546875,1
0,1.8170081000000025,1,1,48,1,11.0,20,26,2,2,57.15,1,0,1.775390625,1
1,10.994969949999998,1,0,30,2,20.0,7,11,1,1,50.24,2,-7,1.775390625,0
0,0.3390603600000048,1,1,35,3,15.0,30,18,1,2,103.08,2,-10,1.775390625,0
0,-5.331144500000008,1,1,55,1,19.0,5,38,2,2,73.37,4,5,1.775390625,0
0,3.627492029999999,1,1,30,3,11.0,20,12,2,2,50.35,2,-15,1.775390625,0
1,17.23196394,1,1,40,2,18.0,20,20,1,1,56.25,2,-20,1.775390625,0
0,-7.034150509999989,1,1,36,2,,30,11,2,0,87.32,2,10,1.775390625,0
0,22.91061458,1,1,32,2,15.0,10,17,2,1,83.23,2,5,1.775390625,0
0,-10.08979514,1,0,69,5,16.0,20,42,2,1,45.47,2,20,1.6455078125,1
0,6.460512150000014,0,0,28,2,16.0,20,7,2,0,81.99,0,20,1.775390625,0
0,2.722638620000005,1,0,31,4,20.0,15,13,1,0,54.43,2,5,1.775390625,0
0,-10.777156519999991,1,1,52,1,18.0,20,35,2,0,103.31,3,-10,1.775390625,0
0,0.227301280000006,1,1,40,2,11.0,10,10,2,1,65.09,1,-6,1.72900390625,0
1,4.994104520000008,0,0,59,2,,20,41,0,0,83.91,0,-20,,0
0,0.7938113400000049,1,1,32,2,15.0,40,15,1,0,81.76,1,-5,1.775390625,0
1,4.42351816,1,0,35,2,16.0,20,15,1,1,71.78,3,-20,1.775390625,0
0,7.596333420000008,1,0,33,2,,20,18,2,2,67.7,2,0,1.775390625,0
1,7.034969949999997,1,0,32,3,20.0,20,14,1,1,54.2,2,-20,1.775390625,0
0,4.989530180000003,1,0,51,3,19.0,10,30,2,1,46.72,0,-4,1.828125,0
0,5.216714920000001,1,0,46,5,,8,21,2,0,47.4,3,2,,0
0,6.912550300000007,0,0,42,2,18.0,40,26,2,1,79.27,3,0,1.451904296875,0
0,5.101670760000005,1,0,46,3,21.0,20,24,2,1,62.03,3,0,1.775390625,0
0,2.947008099999998,1,0,34,4,20.0,3,12,1,1,56.02,3,5,2.0478515625,0
0,4.761568330000003,1,0,38,1,19.0,20,20,2,0,44.68,2,0,2.0478515625,0
1,-1.3653232299999942,1,0,57,2,18.0,6,39,1,1,56.25,4,-6,1.803955078125,0
1,7.3675944600000065,1,0,59,3,19.0,20,45,1,2,64.3,1,-20,1.86767578125,0
0,2.153122550000006,1,0,25,3,18.0,5,6,2,2,50.01,2,10,2.0478515625,0
0,6.119148680000009,0,0,43,5,21.0,30,25,1,1,68.27,1,-15,1.84130859375,0
0,-3.065030049999997,1,0,47,3,15.0,20,30,1,0,64.3,2,0,2.0478515625,0
0,1.7055563100000055,0,0,64,1,19.0,20,42,1,1,72.23,2,0,2.0478515625,1
1,14.850996080000002,0,0,53,3,20.0,2,41,1,1,68.61,0,-2,1.6982421875,1
1,-20.75173086,1,0,62,2,19.0,20,45,2,1,76.09,2,-20,1.845703125,0
0,14.85653828000001,0,0,36,5,21.0,3,11,0,0,95.82,1,37,1.856689453125,0
1,2.7171988500000026,1,0,60,3,22.0,10,30,1,1,44.91,0,-10,2.0478515625,0
0,-3.401526000000004,0,0,58,3,19.0,40,40,2,1,94.12,0,-10,1.847900390625,1
0,5.780307290000003,1,0,49,3,22.0,20,29,1,2,47.29,0,0,1.6982421875,0
1,12.586040240000004,1,0,43,3,22.0,40,24,1,1,56.36,2,-40,2.0478515625,0
0,0.0026386200000061,0,0,48,2,19.0,20,31,1,1,57.15,2,0,2.0478515625,0
1,9.415174809999996,0,0,45,5,22.0,10,27,0,2,87.2,2,-10,1.682861328125,0
0,13.154969950000002,1,0,35,1,16.0,10,22,1,0,48.08,2,8,2.0478515625,0
0,3.8515824400000014,0,0,42,3,22.0,30,21,0,1,92.31,0,5,2.0478515625,0
0,1.1338113400000085,0,0,42,5,20.0,20,21,0,0,81.42,2,3,2.0478515625,0
0,3.744104520000008,0,0,65,3,18.0,20,48,2,0,85.16,2,-2,,0
1,28.9125503,1,0,60,2,16.0,20,40,2,2,57.27,3,-20,1.84130859375,1
0,1.2507029000000074,1,0,48,3,20.0,15,29,1,1,75.86,2,0,2.0478515625,1
0,-7.373182650000004,0,0,63,2,16.0,20,43,0,1,77.68,3,-10,2.0478515625,1
1,2.0460402399999964,0,0,27,3,19.0,20,12,2,0,66.9,2,-20,2.0478515625,0
0,-2.2691946699999903,0,0,45,1,21.0,30,30,2,1,97.07,0,0,1.713623046875,0
0,-0.453769010000002,1,0,39,2,20.0,10,23,2,0,58.06,2,-2,1.612548828125,0
0,8.280028220000005,0,0,35,3,19.0,30,17,0,0,85.16,3,-15,1.86767578125,0
0,4.425747059999999,1,0,58,3,18.0,20,33,2,2,58.17,2,-10,2.0478515625,0
0,6.465747059999998,1,0,33,2,19.0,20,18,1,1,56.13,3,0,2.0478515625,0
0,4.540512150000012,0,0,46,5,21.0,30,25,1,0,83.91,2,-10,1.84130859375,0
1,2.3770080999999976,1,0,25,5,13.0,15,7,1,1,56.59,2,-15,2.0478515625,0
1,-8.273373399999997,1,0,55,1,18.0,20,25,2,2,89.92,4,-20,1.845703125,1
0,1.5924478700000009,1,0,36,3,19.0,10,19,1,1,66.9,3,30,,0
0,6.918283250000002,0,0,25,3,12.0,20,8,1,0,95.14,0,0,2.0478515625,0
0,14.746435850000012,0,1,48,1,15.0,10,36,0,0,78.24,2,0,1.5927734375,0
0,0.338474000000005,0,0,29,3,22.0,20,10,1,1,90.38,3,0,1.735595703125,0
0,-0.2290039199999967,1,1,41,2,19.0,10,21,2,1,83.69,3,0,1.775390625,0
1,7.146435850000003,0,0,45,2,19.0,40,26,2,1,85.84,3,-40,1.5927734375,0
1,0.4528434800000127,0,0,48,5,21.0,40,31,1,1,92.08,1,-40,1.5927734375,0
0,9.860907760000003,0,0,31,2,19.0,20,22,1,1,102.63,0,40,1.5927734375,0
0,-2.0375521299999946,1,0,59,2,18.0,10,41,2,0,70.53,4,-3,1.5927734375,1
0,-0.1161003399999955,0,1,34,3,16.0,5,16,2,0,53.64,2,7,1.5927734375,0
1,-10.881921609999992,1,0,52,3,21.0,6,30,1,0,77.56,3,-6,1.5927734375,1
1,12.582741050000005,1,0,49,1,,20,29,2,0,62.26,2,-20,1.6455078125,0
0,-1.582991899999996,1,0,48,2,19.0,5,14,1,0,60.55,3,15,1.5927734375,0
0,-1.5852207999999877,0,1,62,1,12.0,10,48,2,1,74.16,2,0,1.5927734375,0
0,-1.0208513199999911,1,1,36,2,15.0,5,1,2,0,75.41,4,0,1.5927734375,0
0,-0.2231826499999982,0,1,27,3,16.0,14,6,2,0,70.53,1,6,1.5927734375,0
0,-2.7186224199999955,1,1,42,1,13.0,20,30,2,0,63.5,2,0,1.5927734375,0
0,8.164486019999998,1,0,45,1,18.0,20,15,1,1,58.06,2,0,1.69384765625,0
1,15.086245100000014,0,0,40,1,18.0,40,23,1,1,89.24,2,-40,1.612548828125,0
1,5.559735040000007,0,0,51,1,17.0,10,28,2,1,81.53,4,-10,1.612548828125,0
0,-2.2721123600000084,0,0,51,3,20.0,20,32,0,0,80.29,0,-15,1.7333984375,0
0,-4.647361379999992,1,0,48,2,19.0,10,26,1,0,61.8,1,10,1.84130859375,0
0,-7.375132479999998,1,0,30,3,19.0,40,15,0,0,50.92,2,0,1.84130859375,0
0,8.279544290000004,0,0,46,1,18.0,20,37,0,1,90.15,1,0,1.777587890625,0
0,9.414295269999997,1,0,46,3,19.0,10,23,1,1,68.15,3,10,1.84130859375,0
1,6.120409719999998,1,0,47,3,20.0,20,26,1,1,64.64,2,-20,1.69384765625,0
1,-2.272596289999996,0,0,56,3,18.0,20,38,1,1,85.28,2,-20,1.777587890625,0
0,4.311186829999997,0,0,25,5,19.0,40,5,1,2,67.81,0,0,1.990966796875,0
0,-1.9292970999999997,1,0,62,2,19.0,20,50,2,1,79.04,3,-5,1.612548828125,1
0,-4.876291089999995,0,0,45,2,19.0,30,30,0,1,69.74,0,0,1.79736328125,0
1,5.328562320000003,1,0,26,5,20.0,20,5,1,1,56.36,1,-20,1.92041015625,0
1,2.6108936500000084,1,0,41,3,22.0,6,21,2,1,63.16,2,-6,1.6455078125,0
0,-41.28046981999999,0,0,46,2,21.0,40,29,1,1,92.99,1,0,1.612548828125,0
1,12.251773190000009,1,0,38,4,20.0,10,23,1,0,72.57,2,-10,1.990966796875,0
0,1.2514800100000087,0,0,45,2,21.0,20,29,1,0,77.22,2,10,,0
0,2.8318756200000053,0,0,55,4,20.0,2,43,1,1,99.68,1,13,2.02587890625,1
0,1.5854538800000029,1,0,25,4,21.0,25,10,0,2,54.66,1,-5,1.803955078125,0
0,7.597887639999996,0,0,28,3,19.0,50,17,0,0,70.42,2,0,1.828125,0
0,8.50914868000001,0,0,30,3,19.0,40,11,2,1,65.88,3,10,1.86767578125,0
0,0.5708936500000021,1,0,26,4,22.0,5,11,1,1,65.2,1,-1,1.647705078125,0
1,10.655556310000009,1,0,32,3,19.0,12,12,1,1,63.28,2,-12,1.79736328125,0
0,7.714588450000008,0,0,49,3,19.0,40,37,2,2,76.2,4,-10,1.665283203125,0
1,-2.378915599999999,1,0,39,3,21.0,1,18,1,1,56.81,0,-1,1.79736328125,0
0,-0.568622419999997,1,0,35,3,19.0,40,17,1,1,61.35,0,-10,,0
1,-0.1098834599999918,1,0,46,5,22.0,6,21,0,0,64.52,0,-6,,0
0,2.495174809999994,0,0,28,2,19.0,20,12,1,1,94.12,1,-10,2.02587890625,0
0,4.419925790000008,0,0,49,3,22.0,30,30,0,0,71.33,2,0,,0
0,5.787594460000008,1,0,40,3,13.0,10,25,2,1,65.88,2,10,,0
0,-0.2313352500000007,0,0,32,3,20.0,30,18,2,1,79.61,2,10,1.803955078125,0
1,4.646919780000005,0,0,49,3,19.0,20,32,0,0,83.35,0,-20,2.02587890625,0
0,8.732843480000014,0,0,53,5,22.0,25,39,2,2,83.8,2,-15,1.951171875,0
0,6.232154690000009,1,0,48,3,22.0,40,33,1,1,55.91,3,0,1.79736328125,0
0,-12.357258950000002,1,0,34,3,20.0,20,2,2,1,87.2,1,0,2.02587890625,0
0,-3.516672589999999,0,0,33,4,21.0,40,15,0,0,91.06,1,5,2.02587890625,0
0,-0.4517167500000028,0,0,53,3,19.0,40,32,2,0,102.51,0,10,1.803955078125,0
0,0.1129318000000054,0,0,27,3,19.0,15,9,1,1,63.39,1,-8,1.803955078125,0
0,2.036714920000001,1,0,32,4,20.0,15,10,1,1,50.58,2,-5,1.828125,0
0,-6.574355369999992,1,1,43,3,19.0,20,19,2,0,51.48,0,0,1.803955078125,0
1,2.499441860000005,0,1,55,2,19.0,10,22,0,0,78.24,1,-10,1.990966796875,0
0,2.8392511100000064,0,1,32,5,22.0,20,13,2,0,89.24,2,-10,1.513427734375,0
1,-22.23046982,1,0,74,3,12.0,5,44,2,2,73.94,3,-5,1.803955078125,1
0,1.36282937,1,1,50,3,12.0,6,32,2,0,44.45,3,-3,1.803955078125,0
0,-3.7420099299999943,0,1,32,5,18.0,15,9,0,0,99.45,0,-9,1.79736328125,0
0,3.518180820000012,0,0,61,3,19.0,20,45,1,1,80.85,1,0,1.845703125,1
0,2.3821546900000072,0,0,66,1,15.0,60,45,2,1,59.76,0,-20,1.6455078125,1
0,10.550116540000005,1,0,40,1,17.0,20,29,2,2,53.86,3,0,1.845703125,0
0,1.359046249999999,1,0,46,4,19.0,20,26,0,0,55.34,2,10,1.845703125,0
0,-0.1152207999999888,0,0,47,2,20.0,40,31,2,0,72.69,0,-10,1.85009765625,0
0,-1.700763000000002,1,0,61,2,15.0,20,16,1,1,47.06,4,0,1.845703125,0
0,12.816142670000003,0,0,28,5,19.0,25,13,0,2,73.82,1,25,1.69384765625,0
0,48.53838568000002,0,0,41,3,20.0,15,27,1,1,71.21,3,10,1.845703125,0
1,5.327696889999999,0,0,36,5,21.0,50,19,1,1,84.03,1,-50,1.92919921875,0
1,3.7401165400000025,1,0,47,3,19.0,20,31,1,1,60.67,2,-20,1.7509765625,0
0,9.522550300000006,0,0,48,3,15.0,10,27,1,1,76.66,0,10,1.845703125,0
0,2.4917731900000035,0,0,46,3,22.0,45,29,2,0,82.33,1,15,1.79736328125,0
1,6.120218969999996,0,0,25,3,19.0,20,9,1,0,75.98,0,-20,1.775390625,0
0,13.158473999999998,0,0,44,3,19.0,20,35,1,0,77.56,2,0,1.845703125,0
1,-6.012009929999991,0,0,34,5,19.0,11,20,2,2,101.72,2,-11,1.69384765625,0
0,21.77168487,0,1,30,3,13.0,20,16,2,0,92.08,1,-5,1.845703125,0
1,-8.390264959999996,1,1,28,3,14.0,30,12,1,1,95.48,0,-30,1.72900390625,0
1,20.18225712000001,1,0,43,5,19.0,30,18,2,1,59.65,0,-30,1.845703125,0
1,10.77614267,0,0,25,5,22.0,25,8,1,2,75.86,0,-25,1.845703125,0
0,-4.989399529999993,0,0,46,5,19.0,50,32,1,1,64.41,2,-20,1.803955078125,0
0,0.3409960799999965,0,0,55,5,20.0,40,35,1,1,83.12,1,-10,,0
0,4.423122550000002,1,1,46,2,15.0,15,26,1,1,47.74,3,-7,1.775390625,0
0,14.855556310000011,1,1,31,4,19.0,20,15,2,2,59.08,3,-2,1.845703125,0
0,0.2304097199999972,1,1,46,2,17.0,10,32,1,1,70.53,3,0,1.845703125,0
1,9.297594460000006,1,0,54,3,22.0,20,33,0,0,62.37,3,-20,1.777587890625,0
0,2.9458494900000005,0,0,37,3,18.0,20,20,1,0,77.34,3,0,1.69384765625,0
0,-0.2250300500000008,1,0,39,5,20.0,20,23,1,1,61.46,1,0,1.735595703125,0
0,2.272741050000008,1,0,58,3,18.0,20,29,1,1,72.57,3,-5,1.7509765625,0
0,8.84933943,1,0,29,4,19.0,20,11,2,2,54.2,2,0,1.92041015625,0
0,2.0404097199999995,0,0,44,1,19.0,10,26,1,0,68.72,2,5,1.79736328125,0
0,-1.2468633399999902,0,0,33,3,20.0,40,15,0,0,100.13,0,-5,1.79736328125,0
0,6.118562320000002,1,0,38,3,21.0,30,20,1,1,55.57,0,0,1.79736328125,0
0,3.402741050000003,1,0,47,2,19.0,20,24,1,1,71.44,3,0,1.79736328125,0
0,0.9025503000000016,0,0,68,5,11.0,40,40,1,1,85.28,0,-20,,0
0,1.2462309900000008,1,0,27,4,20.0,40,11,1,1,56.36,1,-10,1.79736328125,0
1,3.9707029000000063,1,0,56,1,20.0,2,11,1,0,73.14,2,-2,1.79736328125,0
0,-2.4948392999999958,1,0,25,3,19.0,20,8,1,1,52.39,2,10,1.79736328125,0
0,-11.338036059999991,1,0,29,2,18.0,35,15,2,1,84.82,3,-15,1.79736328125,0
0,8.052741049999995,0,0,25,3,18.0,15,11,0,0,66.79,2,20,1.79736328125,0
0,6.5786647500000015,0,0,38,3,20.0,30,21,1,1,72.8,0,10,1.940185546875,0
1,5.78351816,0,1,26,3,19.0,10,10,1,0,70.42,1,-10,1.79736328125,0
1,-4.079590280000005,0,0,58,3,19.0,5,38,2,2,74.84,0,-5,1.79736328125,0
0,1.0163334200000094,1,0,56,2,17.0,30,44,2,2,74.28,2,0,1.79736328125,0
0,9.18448602,1,0,55,3,15.0,20,37,2,1,57.04,4,20,1.79736328125,1
1,-1.7024055400000009,0,0,31,5,20.0,30,8,1,1,73.37,2,-30,1.79736328125,0
0,4.646040240000005,1,0,37,3,19.0,40,19,0,1,64.3,0,0,1.79736328125,0
0,-0.5688131699999985,1,0,36,3,20.0,30,26,1,0,72.69,2,0,1.84130859375,0
1,5.446817350000003,1,0,44,1,19.0,30,24,1,1,64.86,1,-30,1.84130859375,0
0,-3.740763000000001,0,0,55,2,13.0,10,41,2,2,49.1,0,30,1.84130859375,0
0,5.2164358500000105,0,0,51,3,18.0,40,33,1,1,87.77,2,0,1.84130859375,0
0,1.478269140000002,1,0,30,3,19.0,18,13,0,0,53.86,3,2,1.86767578125,0
1,4.7657470600000025,0,0,48,3,17.0,20,30,0,0,57.83,4,-20,1.84130859375,0
0,7.373811340000003,0,0,65,1,18.0,20,41,1,0,75.18,3,-4,1.84130859375,1
1,8.053327410000009,0,0,42,3,,20,21,1,0,79.49,2,-20,1.84130859375,0
0,4.304588450000011,0,0,43,3,19.0,20,28,1,0,79.61,2,20,1.84130859375,0
0,1.587110530000004,0,0,56,1,16.0,20,35,1,0,75.07,2,5,1.84130859375,0
0,-5.443666579999984,0,0,39,3,18.0,30,21,2,0,80.74,4,0,1.84130859375,0
0,-0.5663935199999983,1,0,47,3,,30,29,2,1,47.74,0,0,1.84130859375,0
0,0.7898233599999998,0,0,42,3,15.0,20,22,1,0,57.27,2,0,1.84130859375,0
0,3.4018756200000126,0,0,30,3,11.0,20,14,1,0,99.11,0,0,1.84130859375,0
0,3.969339430000005,1,0,27,3,22.0,15,8,0,0,59.08,2,5,1.84130859375,0
0,-1.5830802199999994,0,0,28,3,18.0,20,8,1,0,89.58,2,5,1.84130859375,0
0,3.969544290000016,0,0,43,3,19.0,30,23,0,0,94.46,1,0,1.84130859375,0
0,3.2913775800000025,0,0,43,1,22.0,40,26,1,0,57.49,2,-20,1.84130859375,0
1,-0.6809537500000005,0,0,65,2,19.0,14,47,1,0,57.38,4,-14,1.79736328125,1
0,7.713532270000016,0,0,26,3,21.0,30,10,0,0,115.21,0,-10,1.79736328125,0
1,-7.599590280000001,0,0,31,3,19.0,50,15,1,1,78.36,2,-50,1.79736328125,0
0,13.044779200000008,1,0,27,5,21.0,20,9,1,1,59.53,1,0,1.79736328125,0
1,6.005570419999998,0,0,40,3,19.0,6,24,0,0,114.65,3,-6,1.79736328125,0
1,10.435747060000004,1,0,34,3,21.0,20,12,1,0,52.16,3,-20,1.79736328125,0
0,-10.08920878,1,0,46,2,14.0,20,28,2,1,58.17,3,0,1.79736328125,0
1,3.058078390000013,0,0,42,3,19.0,30,29,0,0,63.62,3,-30,1.773193359375,0
1,-1.9292970999999997,0,0,32,3,19.0,15,16,0,0,79.04,3,-15,1.79736328125,0
1,19.95391377,0,0,31,5,20.0,20,14,0,0,80.29,2,-20,1.79736328125,0
0,-1.2492970999999926,0,0,26,5,20.0,20,8,1,1,78.36,2,0,1.79736328125,0
0,3.290600470000001,1,0,28,4,18.0,10,4,1,0,56.13,1,2,1.79736328125,0
0,3.738078390000013,0,0,44,3,19.0,40,28,0,1,62.94,3,0,1.79736328125,0
0,7.366435850000002,0,0,41,3,20.0,15,21,0,0,85.62,1,5,1.79736328125,0
1,4.6525503000000015,0,0,33,4,21.0,20,20,0,1,81.53,1,-20,,0
0,5.557198849999999,1,0,43,3,19.0,20,22,1,0,42.07,3,0,1.6455078125,0
0,-2.3830802199999965,0,0,67,3,22.0,20,45,1,1,90.38,0,0,1.84130859375,1
0,7.822447870000005,0,0,26,4,20.0,25,12,2,1,60.67,0,5,1.69384765625,0
0,2.7250723800000003,0,0,34,3,20.0,40,19,2,1,76.2,0,0,1.6455078125,0
0,2.832741049999996,0,0,43,3,21.0,20,27,2,1,72.01,0,20,1.6455078125,0
0,4.759441859999996,0,0,40,1,19.0,20,35,2,1,75.98,2,40,1.6455078125,0
0,-8.6133734,0,0,29,3,20.0,30,11,0,1,90.26,0,5,1.69384765625,0
0,-5.896379410000009,0,0,39,4,20.0,40,21,2,1,99.79,1,0,1.69384765625,0
0,7.595160700000008,1,0,28,2,14.0,30,15,1,1,42.3,3,20,1.990966796875,0
0,4.07818082,0,0,51,1,19.0,40,35,2,0,80.29,1,-10,1.6455078125,0
1,11.113811340000012,0,0,50,3,22.0,30,33,0,0,71.44,1,-30,1.79736328125,1
1,-8.848240920000002,0,0,44,2,19.0,50,28,1,1,46.95,0,-50,1.69384765625,1
0,-2.0414376799999943,1,0,44,4,22.0,20,26,1,1,63.73,2,0,1.84130859375,0
0,-3.965616409999996,1,0,26,3,19.0,20,7,0,0,52.5,4,-5,1.6455078125,0
0,-12.469985889999997,1,0,52,3,20.0,20,32,2,1,59.19,3,40,1.69384765625,0
1,-12.243080219999996,0,0,57,1,,25,43,2,2,100.24,0,-25,1.803955078125,0
1,10.771773190000005,0,0,44,3,21.0,20,28,0,0,74.05,0,-20,1.847900390625,0
1,14.066142670000003,0,0,39,3,,20,24,2,0,72.57,0,-20,1.6455078125,0
0,0.7980783900000148,1,1,41,3,14.0,10,23,2,0,65.88,0,10,1.69384765625,0
0,2.8322571200000084,0,0,37,4,21.0,40,20,1,0,77.0,1,-10,1.6455078125,0
0,3.74545388,1,0,35,3,20.0,12,15,0,0,52.5,1,-2,1.6455078125,0
1,2.6042952700000086,0,0,56,3,19.0,20,44,1,0,74.96,2,-20,1.6455078125,0
0,8.280702900000009,0,0,40,4,19.0,30,30,1,1,68.83,2,10,1.84130859375,0
1,10.096626600000008,0,0,34,3,19.0,15,19,0,0,71.55,3,-15,1.69384765625,0
0,-1.7052207999999922,1,0,62,2,19.0,20,41,1,0,74.28,2,0,1.6455078125,0
0,1.1368173500000012,0,0,52,3,22.0,30,36,2,2,69.17,3,10,1.6455078125,0
0,2.718562320000004,1,0,54,2,19.0,20,32,1,0,58.97,3,0,1.6455078125,0
0,3.175658740000003,0,0,49,3,21.0,60,17,1,1,88.45,2,0,1.828125,0
0,-1.3580360600000034,0,0,56,5,19.0,30,35,0,0,74.84,0,-10,1.828125,1
0,-16.67376901,0,0,68,1,18.0,32,54,2,1,74.28,0,-12,1.828125,1
0,-2.268124379999989,0,0,41,5,20.0,30,23,0,1,104.78,1,0,1.828125,1
0,8.392447870000005,1,0,30,4,20.0,2,12,1,1,60.1,2,1,1.828125,0
0,3.7398233600000026,1,0,46,3,19.0,40,30,0,1,54.32,2,-10,1.828125,0
0,3.741377580000005,1,0,51,3,21.0,15,35,2,1,57.04,1,5,1.775390625,0
0,6.120893650000006,0,0,25,5,20.0,20,7,0,0,59.65,1,0,1.647705078125,0
0,2.0419780500000115,1,0,35,2,16.0,8,14,1,1,118.16,3,12,1.828125,0
0,6.012154690000003,1,0,43,3,19.0,20,22,0,0,56.13,3,0,1.828125,0
1,20.98313666,1,0,62,2,13.0,20,44,2,2,77.9,2,-20,1.828125,0
0,12.698767180000004,1,0,48,3,19.0,20,29,2,1,84.37,3,10,1.828125,0
1,6.6951748099999975,0,0,53,4,,5,13,0,0,89.92,0,-5,1.828125,1
0,-8.842698719999987,1,0,49,5,19.0,30,29,1,0,74.16,0,0,1.990966796875,0
1,8.962154690000006,1,0,32,2,20.0,30,15,1,1,53.18,2,-30,1.828125,0
0,13.044588450000006,1,0,54,3,19.0,20,38,2,0,70.87,3,-15,1.828125,1
0,2.834104520000011,0,0,39,2,21.0,30,23,0,1,86.07,0,10,1.79736328125,0
0,11.116817350000003,1,0,41,3,19.0,20,21,1,2,59.19,2,0,1.828125,0
0,2.613122550000007,1,1,48,3,19.0,8,26,2,2,49.55,0,12,1.828125,0
1,8.509441859999995,0,0,47,5,21.0,15,29,1,0,72.23,0,-15,2.02587890625,1
1,3.629735040000014,0,0,32,2,20.0,40,18,0,0,83.46,3,-40,1.828125,0
0,3.6238996600000064,1,0,37,2,20.0,40,21,1,0,49.9,2,-20,1.92919921875,0
0,6.800600470000006,1,0,47,3,19.0,40,31,1,1,52.62,3,-20,1.92919921875,0
0,4.421963939999998,0,0,25,3,20.0,20,5,0,1,69.06,2,0,1.92919921875,0
0,-13.952507970000006,1,0,69,2,19.0,20,34,2,2,67.93,3,-10,1.81494140625,1
0,5.900893650000008,0,1,42,2,19.0,20,28,1,1,59.87,0,0,1.92919921875,0
1,7.257594460000007,1,0,50,3,14.0,30,32,1,1,64.41,2,-30,1.92919921875,1
0,1.7018615100000003,1,0,32,3,19.0,20,13,1,0,54.09,4,0,1.940185546875,0
1,21.432447870000004,1,0,28,3,19.0,20,13,2,1,47.06,4,-20,1.92919921875,0
0,22.22187562000001,1,0,42,3,20.0,5,27,2,2,80.29,4,10,1.92919921875,1
1,3.9731366600000086,0,0,45,2,21.0,10,29,1,0,94.91,1,-10,1.92919921875,0
0,2.495365559999996,0,0,28,2,22.0,40,9,2,1,82.78,1,0,,0
0,6.014676770000008,1,0,32,3,21.0,10,4,0,0,48.87,3,10,1.5927734375,0
0,12.817110529999994,1,0,42,3,20.0,20,23,1,2,63.84,2,-10,1.92919921875,0
1,-0.9114376799999988,1,0,31,3,22.0,30,15,0,0,62.6,2,-30,1.92919921875,0
0,7.13963261,1,0,39,2,20.0,30,22,1,1,62.26,4,10,1.92919921875,0
0,-8.056100339999993,1,0,36,2,16.0,60,14,2,1,61.58,0,0,1.92919921875,0
0,7.939046250000004,1,0,29,3,21.0,30,13,0,0,48.76,2,-10,1.92919921875,0
0,-13.491144500000004,1,0,25,3,19.0,4,13,1,1,81.53,2,-2,1.92919921875,0
0,3.4059378100000046,1,0,36,3,18.0,9,16,0,1,47.85,2,1,,0
0,-13.490748889999992,0,0,51,4,14.0,20,35,2,1,105.57,4,0,1.81494140625,0
0,-1.247068199999994,1,0,29,3,19.0,40,15,1,0,64.75,4,-10,1.81494140625,0
1,9.982066370000013,0,0,42,2,17.0,20,25,1,1,81.19,4,-20,1.81494140625,0
0,-2.834252940000006,0,0,30,1,18.0,20,14,0,0,65.43,2,0,1.81494140625,0
0,-4.989297099999988,0,0,28,3,19.0,3,11,0,0,82.1,4,17,1.81494140625,0
0,4.648562320000004,1,0,36,3,15.0,20,14,2,1,57.04,4,0,1.81494140625,0
0,-30.05007420999999,1,0,34,2,17.0,40,4,2,1,105.8,2,-20,1.665283203125,0
0,4.200512150000009,1,1,43,3,18.0,20,18,2,1,84.25,3,0,1.81494140625,0
0,0.1166266000000035,0,0,40,3,16.0,20,21,1,1,81.53,2,0,1.81494140625,0
0,7.029823360000002,1,0,37,2,17.0,10,12,2,2,51.03,4,10,1.460693359375,0
0,-0.1145461199999999,1,0,34,2,20.0,40,21,1,0,56.36,3,20,1.460693359375,0
0,7.032843480000011,0,0,38,3,19.0,30,22,1,1,85.5,1,-5,1.81494140625,1
1,17.237696889999995,0,0,55,2,20.0,20,36,2,1,72.12,0,-20,1.460693359375,0
0,-15.08511836999999,1,0,45,3,19.0,20,24,1,1,105.35,3,-3,1.81494140625,0
0,-2.49085131999999,1,0,41,3,19.0,2,20,0,1,76.88,3,15,1.460693359375,1
0,6.351670760000005,0,0,29,3,14.0,15,12,1,0,60.78,2,5,1.81494140625,0
0,2.947008099999998,1,0,64,3,19.0,15,40,1,1,56.02,3,5,1.81494140625,0
0,-9.188622419999994,1,0,53,1,14.0,20,27,1,1,69.97,4,10,1.460693359375,0
0,1.0227410500000076,0,0,55,2,16.0,40,43,2,1,73.82,4,-10,1.81494140625,0
1,0.2314800100000127,0,0,33,5,20.0,2,15,1,1,78.24,3,-2,1.81494140625,0
1,4.762168800000012,0,0,40,2,17.0,40,22,1,0,104.1,1,-40,1.81494140625,0
0,4.418957930000005,0,0,50,1,22.0,50,34,0,0,81.31,4,-20,1.460693359375,1
0,4.991289260000016,1,0,30,3,19.0,30,11,0,1,84.82,1,10,1.81494140625,0
0,13.044779200000008,1,0,36,3,19.0,2,19,1,1,59.53,3,6,,0
0,10.888269139999998,1,0,43,3,13.0,20,24,1,1,44.45,2,5,1.81494140625,0
0,-3.2870682,0,0,26,2,,20,11,0,0,66.79,2,10,1.81494140625,0
0,14.851098510000014,1,0,45,1,18.0,20,35,2,1,86.3,4,-17,1.460693359375,0
0,7.033811340000014,0,1,35,1,21.0,20,17,1,0,75.52,2,-16,1.72900390625,0
0,-3.2852207999999905,0,0,29,1,19.0,6,14,1,1,75.86,2,9,,0
0,2.945747060000002,1,0,44,5,20.0,8,24,1,1,59.65,1,-2,1.777587890625,0
0,4.990893650000004,1,1,25,1,11.0,8,12,2,0,60.78,2,12,1.777587890625,0
0,1.359148680000004,0,0,33,1,19.0,20,16,1,1,73.03,0,0,,0
0,-0.7948392999999925,1,1,48,3,20.0,12,30,2,0,50.69,0,3,1.72900390625,0
0,1.7043977000000012,0,1,57,1,17.0,7,36,1,0,93.55,1,3,1.856689453125,1
0,-2.0431826499999914,0,0,53,1,18.0,8,30,0,1,72.35,2,-3,,0
1,2.0419639400000023,0,0,43,3,20.0,40,27,1,0,71.44,0,-40,1.777587890625,0
0,-14.519297099999989,1,0,45,3,15.0,20,27,1,1,91.63,2,0,1.665283203125,0
0,-1.2506605699999938,1,0,39,1,20.0,30,23,0,0,64.3,3,-10,1.777587890625,0
0,9.868474000000006,1,0,45,3,22.0,30,30,2,1,80.85,0,10,,0
0,2.496626599999999,1,1,32,2,16.0,20,16,2,1,79.15,1,-11,1.856689453125,0
0,7.366817350000005,1,0,32,3,20.0,50,11,2,1,62.94,3,40,1.92919921875,0
0,10.20274105,1,0,25,5,21.0,15,4,1,1,64.64,2,5,1.92919921875,0
1,3.5186647499999992,1,1,37,4,16.0,20,14,1,1,75.86,2,-20,1.828125,0
0,8.396333420000005,1,0,50,1,19.0,20,31,0,0,66.9,2,0,1.92919921875,0
0,7.48856232,1,0,34,5,22.0,20,19,0,0,54.2,2,5,1.92919921875,0
0,23.02410452000001,1,0,31,3,19.0,10,15,2,1,65.88,3,0,1.92919921875,0
0,4.425160700000006,1,0,37,5,22.0,30,17,1,1,45.47,3,-10,1.92919921875,0
0,-3.633475830000002,1,0,48,5,22.0,20,31,1,1,67.59,1,-5,1.81494140625,0
0,5.559441859999993,1,0,25,3,13.0,40,10,1,0,75.18,3,-10,1.92919921875,0
0,2.045747060000004,1,0,57,2,14.0,40,39,2,2,60.55,4,0,1.92919921875,1
1,-2.2685199899999877,0,0,40,4,22.0,35,25,1,0,80.74,2,-35,1.92919921875,0
0,5.780996079999994,0,0,50,3,21.0,30,35,1,1,77.68,0,5,1.92919921875,1
0,-0.4489155999999994,1,0,51,4,20.0,20,16,1,0,54.88,3,10,1.92919921875,0
1,3.5127410500000025,0,0,61,2,18.0,12,49,2,1,71.33,3,-12,1.828125,0
1,-2.4964818400000013,0,0,67,5,21.0,30,51,1,0,78.7,4,-30,1.79736328125,0
1,-2.151921609999988,0,0,74,2,16.0,10,53,1,1,68.83,1,-10,1.79736328125,1
0,-1.9257047299999923,0,0,69,3,11.0,40,52,2,1,79.49,2,-30,2.02587890625,1
0,8.279148680000006,1,0,27,2,22.0,40,6,1,1,66.11,2,-10,1.79736328125,0
0,32.09284348000001,1,0,53,3,19.0,20,37,2,0,60.44,3,30,1.79736328125,0
0,0.5693394300000065,0,0,34,4,,45,21,1,2,62.48,2,5,1.79736328125,0
1,3.177008100000002,0,0,63,2,21.0,40,44,1,0,55.79,2,-40,1.79736328125,1
0,-1.2426987199999928,1,0,42,5,22.0,20,25,1,1,66.56,0,0,1.79736328125,0
0,0.4522571200000129,0,0,53,2,21.0,40,37,2,0,79.38,2,0,1.92919921875,0
0,8.04778521,1,0,28,5,21.0,20,12,1,1,52.28,2,0,1.79736328125,0
1,14.631303370000012,0,0,38,2,20.0,30,19,2,1,121.9,1,-30,1.79736328125,1
0,-10.20851999,1,0,59,3,18.0,20,38,1,1,88.68,2,10,1.79736328125,0
0,0.1162309899999982,1,1,28,2,19.0,12,18,1,1,57.49,3,3,1.79736328125,0
1,4.53982336,1,0,27,5,19.0,10,10,2,1,53.52,2,-10,1.79736328125,0
0,2.1578876399999984,0,0,33,5,21.0,20,16,2,1,75.86,2,5,1.79736328125,0
0,6.2324478700000085,1,0,54,3,19.0,10,36,1,1,62.26,2,-4,1.79736328125,0
0,-0.6774496999999968,0,0,54,4,22.0,30,36,0,1,86.86,1,10,1.79736328125,0
0,3.1788696100000067,0,0,26,4,17.0,15,12,1,0,111.58,1,5,1.79736328125,0
0,15.765570420000005,1,0,32,3,19.0,15,12,0,0,104.89,3,0,1.828125,0
1,19.73215469000001,0,0,56,4,19.0,80,38,2,0,42.41,2,-80,1.828125,1
0,2.6066265999999985,1,0,33,3,20.0,35,17,1,0,79.04,2,-5,1.828125,0
0,4.424486020000003,1,0,43,2,,40,27,2,0,61.8,1,0,1.828125,0
0,-17.801042069999994,0,1,50,3,21.0,10,27,2,2,103.53,1,0,1.828125,0
0,9.64370891,1,1,29,3,22.0,20,13,1,0,55.22,3,0,1.81494140625,0
0,8.840321400000008,0,0,32,2,21.0,60,19,1,1,90.95,0,-20,,0
1,25.178473999999994,1,0,35,4,20.0,10,13,0,0,65.54,4,-10,1.85009765625,0
0,2.836142670000001,0,1,65,2,20.0,20,40,1,1,83.8,3,1,1.513427734375,0
0,10.890893650000002,1,0,49,3,,4,32,1,1,54.88,3,0,1.828125,0
0,3.628473999999997,0,1,36,3,21.0,20,19,1,1,87.09,2,10,1.451904296875,0
1,3.064486020000004,1,0,40,5,22.0,1,23,0,0,63.16,3,-1,1.828125,0
0,8.280116540000002,1,0,42,5,21.0,4,22,0,1,56.13,0,-1,1.739990234375,0
0,8.506817350000006,0,0,31,5,22.0,20,13,1,2,61.8,0,10,1.828125,0
0,0.1177852100000009,1,0,34,3,19.0,15,19,1,0,60.21,3,5,1.828125,0
0,12.809823360000005,1,0,35,3,19.0,20,15,0,0,45.25,3,0,1.828125,0
0,4.989823360000003,1,0,32,4,21.0,15,12,2,0,53.07,0,3,,0
1,8.053708909999997,1,0,36,3,19.0,5,1,1,1,56.81,1,-5,1.828125,0
0,-7.824927619999997,0,0,39,5,22.0,50,21,1,1,86.75,0,-10,1.828125,0
0,0.4501165400000033,1,0,53,2,19.0,20,33,2,1,63.96,3,0,1.460693359375,1
0,-5.444443689999986,1,0,27,2,18.0,20,5,0,0,79.38,3,-11,1.940185546875,0
0,14.73818082000001,0,0,25,1,16.0,10,13,0,0,69.63,4,-5,1.940185546875,0
0,13.270116540000004,1,0,41,2,20.0,10,13,0,0,51.14,4,10,1.940185546875,0
1,-21.095220799999996,1,0,72,1,12.0,4,7,2,2,93.67,2,-4,1.940185546875,0
1,-0.2232709700000015,0,0,40,1,19.0,20,24,0,0,99.56,4,-20,1.940185546875,0
0,1.35885549999999,0,0,57,1,18.0,20,37,0,0,66.68,4,0,1.940185546875,0
0,4.194486019999999,0,0,45,3,18.0,45,33,1,0,62.03,0,-15,1.940185546875,0
0,2.6070081000000016,0,0,60,1,13.0,12,50,1,2,56.36,2,-8,1.940185546875,1
0,3.170307290000004,1,0,36,1,17.0,20,19,0,0,49.9,4,0,1.940185546875,0
0,8.500116540000008,1,0,47,3,19.0,20,28,2,2,55.91,4,0,1.940185546875,0
0,-1.701232819999987,1,0,33,3,20.0,40,17,1,1,98.77,2,0,1.451904296875,0
0,3.742447870000007,0,0,39,1,17.0,30,26,1,1,64.75,0,30,1.940185546875,0
0,-1.1317308599999976,1,0,39,4,19.0,40,25,0,0,56.47,4,-20,1.940185546875,0
0,4.195263130000001,0,0,31,2,15.0,40,19,0,1,63.39,2,-20,1.940185546875,0
0,4.085937810000004,1,0,50,1,19.0,25,32,2,0,47.17,3,5,1.940185546875,0
0,5.897301280000008,1,0,55,1,13.0,20,39,1,0,59.42,2,0,1.940185546875,0
0,0.9052631299999944,0,0,34,2,13.0,20,16,1,1,66.68,4,0,1.92919921875,0
0,-0.0043553699999918,1,0,69,1,12.0,20,34,1,1,44.91,4,0,1.940185546875,0
0,-4.0858071599999946,1,0,25,3,18.0,15,13,0,0,63.96,4,5,1.940185546875,0
0,-2.9492087799999998,1,0,64,5,19.0,6,30,1,0,51.03,3,0,1.940185546875,0
0,2.159046250000003,0,0,42,1,19.0,8,29,1,0,54.54,4,2,1.940185546875,0
0,8.500028220000004,1,0,47,1,16.0,20,31,0,0,84.94,4,0,1.940185546875,0
0,1.360116540000007,0,0,45,1,16.0,40,29,0,0,63.05,2,0,1.940185546875,0
0,3.514969950000001,1,0,47,1,18.0,20,31,0,0,57.72,3,0,1.940185546875,0
0,4.762638620000004,0,0,68,1,13.0,15,46,1,1,52.39,2,5,1.940185546875,0
1,15.764206950000002,0,0,29,2,19.0,30,14,1,1,90.83,2,-30,1.940185546875,0
